company_id,company_name,title,owner_name,filing_type,filing_date,record_num,status,standing,alert,can_reinstate,can_file_ar,can_always_file_ar,can_file_reinstatement,standing_ar,standing_ra,standing_other,formed_in,term_of_duration,initial_filing_date,delayed_effective_date,principal_address,mailing_address,ar_due_date,registered_agent,commercial_registered_agent,retrieved_at
278291,Xcel Automation,"Xcel Automation,Trade Name",Xcel Automation & Electric LLC,Trade Name,04/16/2019,0002769937,Active,Good Standing,False,False,False,False,False,,,,,Expires - 5 years,04/16/2019,,"4854 132ND DR. NW TANNER COLLETTE WILLISTON, ND 58801","4854 132ND DR NW TANNER COLLETTE WILLISTON, ND 58801-9245",,,,2023-12-18 00:54:22.628743
361615,Xavier Taylor Construction,"Xavier Taylor Construction,Trade Name",Xavier G Taylor,Trade Name,06/27/2023,0006320673,Active,Good Standing,False,False,False,False,False,,,,,Expires - 5 years,06/27/2023,,"4805 141 ST AVE NW WILLISTON, ND 58801","4805 141ST AVE NW WILLISTON, ND 58801-8603",,,,2023-12-18 00:54:22.939215
365401,Xcalibur Entertainment,"Xcalibur Entertainment,Trade Name","JONES ENTERPRISES, INC.",Trade Name,09/01/2023,0006363711,Active,Good Standing,False,False,False,False,False,,,,,Expires - 5 years,09/01/2023,,"707 28TH AVE N GREG KRUTSINGER FARGO, ND 58102","PO BOX 55 GREG KRUTSINGER WEST FARGO, ND 58078",,,,2023-12-18 00:54:23.458286
332361,XAP Corporation,"XAP Corporation,Corporation - Business - Foreign",,Corporation - Business - Foreign,03/22/2022,0005827829,Active,Good Standing,False,False,False,False,False,Good,Good,Good,DELAWARE,Perpetual,03/22/2022,,"600 CORPORATE POINTE 220 CULVER CITY, CA 90230","600 CORPORATE POINTE STE 220 CULVER CITY, CA 90230-7616",05/15/2024,,"CORPORATION SERVICE COMPANY 418 N 2ND ST BISMARCK, ND  58501",2023-12-18 00:54:23.746137
366510,Xavier Gold Consulting Group Inc,"Xavier Gold Consulting Group Inc,Corporation - Business - Domestic",,Corporation - Business - Domestic,09/22/2023,0006420317,Active,Good Standing,False,False,False,False,False,Good,Good,Good,NORTH DAKOTA,Perpetual,09/22/2023,,"1531 32ND AVE S., SUITE 102 FARGO, ND 58103","1531 32ND AVE S SUITE 102 FARGO, ND 58103",08/01/2024,,"LEGALCORP SOLUTIONS, LLC 33 S 3RD ST GRAND FORKS, ND  58201",2023-12-18 00:54:23.996741
265626,XAPIC STUDIOS,"XAPIC STUDIOS,Trade Name",PATRICIA A ROGALLA,Trade Name,10/14/2016,0000266006,Active,Good Standing,False,False,False,False,False,,,,,Expires - 5 years,10/14/2016,,"607 N 3RD ST # 1 GRAND FORKS, ND 58203-3203","607 N 3RD ST # 1 GRAND FORKS, ND 58203-3203",,,,2023-12-18 00:54:24.221103
330579,"Xactus, LLC","Xactus, LLC,Limited Liability Company - Business - Foreign",,Limited Liability Company - Business - Foreign,02/16/2022,0005806191,Active,Good Standing,False,False,False,False,False,Good,Good,Good,DELAWARE,Perpetual,02/16/2022,,"370 REED RD STE 100 BROOMALL, PA 19008","370 REED RD STE 100 BROOMALL, PA 19008-4019",11/15/2024,,"CORPORATION SERVICE COMPANY 418 N 2ND ST BISMARCK, ND  58501",2023-12-18 00:54:24.499202
41359,"XANADU PRODUCTS, L.L.C.","XANADU PRODUCTS, L.L.C.,Limited Liability Company - Business - Domestic",,Limited Liability Company - Business - Domestic,12/19/2003,0000041563,Active,Good Standing,False,False,False,False,False,Good,Good,Good,NORTH DAKOTA,Expires,12/19/2003,,"115 W CENTURY AVE STE B BISMARCK, ND 58503-1403","115 W CENTURY AVE STE B BISMARCK, ND 58503-1403",11/15/2024,"RICK  PAULSON 115 W CENTURY AVE STE B BISMARCK, ND  58503-1403",,2023-12-18 00:54:24.825534
162412,"XZILON, INC.","XZILON, INC.,Corporation - Business - Foreign",,Corporation - Business - Foreign,06/30/2017,0000162789,Active,Good Standing,False,False,False,False,False,Good,Good,Good,CALIFORNIA,Perpetual,06/30/2017,,"5101 E. LA PALMA AVE SUITE 115 ANAHEIM, CA 92807","PO BOX 7259 BEND, OR 97708-7259",05/15/2024,,"C T CORPORATION SYSTEM 120 W SWEET AVE BISMARCK, ND  58504",2023-12-18 00:54:25.185780
315018,XactlyOne Foundation,"XactlyOne Foundation,Corporation - Nonprofit - Foreign",,Corporation - Nonprofit - Foreign,05/07/2021,0005510743,Active,Good Standing,False,False,True,True,False,Good,Good,Good,CALIFORNIA,Perpetual,05/07/2021,,"1125 17TH ST STE 1700 TOM STEHNO DENVER, CO 80202","1395 PICCARD DR STE 180 CHINGYI LIN ROCKVILLE, MD 20850-4306",02/01/2024,,"NORTHWEST REGISTERED AGENT SERVICE, INC. 3003 32ND AVE S STE 240 FARGO, ND  58103-6118",2023-12-18 00:54:25.491963
170568,"XCED AVIATION SERVICES, LLC","XCED AVIATION SERVICES, LLC,Limited Liability Company - Business - Foreign",,Limited Liability Company - Business - Foreign,07/31/2018,0000170946,Active,Good Standing,False,False,False,False,False,Good,Good,Good,DELAWARE,Perpetual,07/31/2018,,"425 N MARTINGALE ROAD, 8TH FLOOR SCHAUMBURG, IL 60173-2301","425 N MARTINGALE ROAD 8TH FLOOR SCHAUMBURG, IL 60173-2301",11/15/2024,,"C T CORPORATION SYSTEM 120 W SWEET AVE BISMARCK, ND  58504",2023-12-18 00:54:25.864763
349089,XYZ Services LLC,"XYZ Services LLC,Limited Liability Company - Business - Domestic",,Limited Liability Company - Business - Domestic,12/02/2022,0006118943,Active,Good Standing,False,False,False,False,False,Good,Good,Good,NORTH DAKOTA,Perpetual,12/02/2022,,"800 11TH AVE W DICKINSON, ND 58601","800 11TH AVE W DICKINSON, ND 58601-3721",11/15/2024,"ZANE  SCHOBINGER 800 11TH AVE W DICKINSON, ND  58601",,2023-12-18 00:54:26.279519
84218,"XANADU, LLC","XANADU, LLC,Limited Liability Company - Business - Domestic",,Limited Liability Company - Business - Domestic,10/16/2006,0000084583,Active,Good Standing,False,False,False,False,False,Good,Good,Good,NORTH DAKOTA,Perpetual,10/16/2006,,"4390 46TH AVE S UNIT A FARGO, ND 58104-4257","4390 46TH AVE S UNIT A FARGO, ND 58104-4257",11/15/2024,"MICHELLE  BAKKE 4390 46TH AVE S UNIT A FARGO, ND  58104-4257",,2023-12-18 00:54:26.618857
165755,XCEL AGRONOMY LLC,"XCEL AGRONOMY LLC,Limited Liability Company - Business - Domestic",,Limited Liability Company - Business - Domestic,12/18/2017,0000166132,Active,Good Standing,False,False,False,False,False,Good,Good,Good,NORTH DAKOTA,Perpetual,12/18/2017,,"710 17TH ST NW JAMESTOWN, ND 58401-2241","710 17TH ST NW JAMESTOWN, ND 58401-2241",11/15/2024,"CHRISTOPHER  PERLEBERG 710 17TH ST NW JAMESTOWN, ND  58401-2241",,2023-12-18 00:54:26.861130
312780,XYMTEC Industries LLC,"XYMTEC Industries LLC,Limited Liability Company - Business - Domestic",,Limited Liability Company - Business - Domestic,03/31/2021,0005486763,Active,Good Standing,False,False,False,False,False,Good,Good,Good,NORTH DAKOTA,Perpetual,03/31/2021,,"409 FOXTAIL DR WEST FARGO, ND 58078","409 FOXTAIL DR WEST FARGO, ND 58078-7964",11/15/2024,"ANDREW  SANDVIK 409 FOXTAIL DR WEST FARGO, ND  58078",,2023-12-18 00:54:27.143135
315704,"XCAST LABS, INC.","XCAST LABS, INC.,Corporation - Business - Foreign",,Corporation - Business - Foreign,05/20/2021,0005521523,Active,Good Standing,False,False,False,False,False,Good,Good,Good,CALIFORNIA,Perpetual,05/20/2021,,"1880 CENTURY PARK EAST SUITE 612 LOS ANGELES, CA 90067","1880 CENTURY PARK E STE 612 LOS ANGELES, CA 90067-1622",05/15/2024,,"INCORP SERVICES, INC. 4501 COLEMAN ST STE 102 BISMARCK, ND  58503",2023-12-18 00:54:27.498390
9739,XXI CENTURY LTD.,"XXI CENTURY LTD.,Corporation - Business - Domestic",,Corporation - Business - Domestic,08/21/1987,0000009887,Active,Good Standing,False,False,False,False,False,Good,Good,Good,NORTH DAKOTA,Perpetual,08/21/1987,,"1732 N 5TH ST BISMARCK, ND 58501-1801","1732 N 5TH ST BISMARCK, ND 58501-1801",08/01/2024,"TODD J SCHULZ 1732 N 5TH ST BISMARCK, ND  58501-1801",,2023-12-18 00:54:27.847159
111130,"XYLEM WATER SOLUTIONS U.S.A., INC.","XYLEM WATER SOLUTIONS U.S.A., INC.,Corporation - Business - Foreign",,Corporation - Business - Foreign,10/24/2011,0000111500,Active,Good Standing,False,False,False,False,False,Good,Good,Good,DELAWARE,Perpetual,10/24/2011,,"4828 PARKWAY PLAZA BLVD CHARLOTTE, NC 28217","4828 PARKWAY PLAZA BLVD CHARLOTTE, NC 28217-1038",05/15/2024,,"C T CORPORATION SYSTEM 120 W SWEET AVE BISMARCK, ND  58504",2023-12-18 00:54:28.159352
138231,"XYLEM DEWATERING SOLUTIONS, INC.","XYLEM DEWATERING SOLUTIONS, INC.,Corporation - Business - Foreign",,Corporation - Business - Foreign,08/01/2014,0000138604,Active,Good Standing,False,False,False,False,False,Good,Good,Good,NEW JERSEY,Perpetual,08/01/2014,,"84 FLOODGATE RD BRIDGEPORT, NJ 08014-1001","1 INTERNATIONAL DR RYE BROOK, NY 10573-1058",05/15/2024,,"C T CORPORATION SYSTEM 120 W SWEET AVE BISMARCK, ND  58504",2023-12-18 00:54:28.431799
325642,XYZ LLC,"XYZ LLC,Limited Liability Company - Business - Domestic",,Limited Liability Company - Business - Domestic,02/11/2022,0005700803,Active,Not Good Standing,False,False,True,True,False,Not Good,Good,Good,NORTH DAKOTA,Perpetual,02/11/2022,,"3904 4TH AVE NW JAMESTOWN, ND 58401","PO BOX 950 JAMESTOWN, ND 58402-0950",11/15/2023,"DAVID  SATROM 711 1ST AVE N # 4 JAMESTOWN, ND  58401",,2023-12-18 00:54:28.683742
171651,XCEL AG SOLUTIONS LLC,"XCEL AG SOLUTIONS LLC,Limited Liability Company - Business - Domestic",,Limited Liability Company - Business - Domestic,10/04/2018,0000172029,Active,Good Standing,False,False,False,False,False,Good,Good,Good,NORTH DAKOTA,Perpetual,10/04/2018,,"1292 56TH ST SE BRADDOCK, ND 58524-9244","1292 56TH ST SE BRADDOCK, ND 58524-9244",11/15/2024,"ANTHONY  BAUMGARTNER 1292 56TH ST SE BRADDOCK, ND  58524-9244",,2023-12-18 00:54:29.076652
132687,XTREME PRODUCTS LLC,"XTREME PRODUCTS LLC,Limited Liability Company - Business - Domestic",,Limited Liability Company - Business - Domestic,12/09/2013,0000133058,Active,Good Standing,False,False,False,False,False,Good,Good,Good,NORTH DAKOTA,Perpetual,12/09/2013,,"209 3RD AVE ENDERLIN, ND 58027-1304","PO BOX 64 ENDERLIN, ND 58027-0064",11/15/2024,"GREG  PFAFF 209 3RD AVE PO BOX 64 ENDERLIN, ND  58027-0064",,2023-12-18 00:54:29.448143
278474,Xtreme Xteriors LLC,"Xtreme Xteriors LLC,Limited Liability Company - Business - Foreign",,Limited Liability Company - Business - Foreign,05/02/2019,0002772735,Active,Good Standing,False,False,False,False,False,Good,Good,Good,SOUTH DAKOTA,Perpetual,05/02/2019,,"26940 S SD HWY 17 JEREMY TAYLOR SIOUX FALLS, SD 57106","26940 S SD HIGHWAY 17 JEREMY TAYLOR SIOUX FALLS, SD 57106-8022",11/15/2024,,"AAA NORTH DAKOTA REGISTERED AGENT LLC 3003 32ND AVE S STE 240 FARGO, ND  58103",2023-12-18 00:54:29.742126
231461,XTREME SIGNS & GRAPHIX,"XTREME SIGNS & GRAPHIX,Trade Name",,Trade Name,06/13/2006,0000231841,Active,Good Standing,False,False,False,False,False,,,,,Expires - 5 years,06/13/2006,,"401 6TH ST SE DEVILS LAKE, ND 58301-3629","401 6TH ST SE DEVILS LAKE, ND 58301-3629",,,,2023-12-18 00:54:29.968579
337553,Xtreme installation LLC,"Xtreme installation LLC,Limited Liability Company - Business - Domestic",,Limited Liability Company - Business - Domestic,06/23/2022,0005916425,Active,Good Standing,False,False,False,False,False,Good,Good,Good,NORTH DAKOTA,Perpetual,06/23/2022,,"2740 SIMS ST SUITE A DICKINSON, ND 58601","91 OSBORN DR DICKINSON, ND 58601-3935",11/15/2024,"DAVID  RODRIGUEZ 2740 SIMS ST STE A DICKINSON, ND  58601",,2023-12-18 00:54:30.553967
100169,"XTTRIUM LABORATORIES, INC.","XTTRIUM LABORATORIES, INC.,Corporation - Business - Foreign",,Corporation - Business - Foreign,06/19/2010,0000100538,Active,Good Standing,False,False,False,False,False,Good,Good,Good,DELAWARE,Perpetual,06/19/2010,,"1200 E BUSINESS CENTER DR MT PROSPECT, IL 60056-6041","1200 E BUSINESS CENTER DR MT PROSPECT, IL 60056-6041",05/15/2024,,"INCORP SERVICES, INC. 4501 COLEMAN ST STE 102 BISMARCK, ND  58503",2023-12-18 00:54:30.925314
259434,XTREME LIGHTING,"XTREME LIGHTING,Trade Name",,Trade Name,03/02/2015,0000259814,Active,Good Standing,False,False,False,False,False,,,,,Expires - 5 years,03/02/2015,,"121 3RD AVE E WEST FARGO, ND 58078-1820","121 3RD AVE E WEST FARGO, ND 58078-1820",,,,2023-12-18 00:54:31.076296
240582,XTREME TROPHY PROPERTIES,"XTREME TROPHY PROPERTIES,Trade Name","HAWLEY REALTY, INC.",Trade Name,05/20/2010,0000240962,Active,Good Standing,False,False,False,False,False,,,,,Expires - 5 years,05/20/2010,,"617 VALLEY ST. PO BOX 297 RAYMOND READING HAWLEY, MN 56549","PO BOX 297 Raymond Reading HAWLEY, MN 56549-0297",,,,2023-12-18 00:54:31.629836
108148,"XTREME FIRE PROTECTION, LLC","XTREME FIRE PROTECTION, LLC,Limited Liability Company - Business - Foreign",,Limited Liability Company - Business - Foreign,07/13/2011,0000108517,Active,Good Standing,False,False,False,False,False,Good,Good,Good,SOUTH DAKOTA,Perpetual,07/13/2011,,"4102 N CLIFF AVE SIOUX FALLS, SD 57104-5514","4102 N CLIFF AVE SIOUX FALLS, SD 57104-5514",11/15/2024,,"INCORP SERVICES, INC. 4501 COLEMAN ST STE 102 BISMARCK, ND  58503",2023-12-18 00:54:32.008021
106570,"XTREME ELECTRICAL SERVICES, INC. (dba X ELECTRIC)","XTREME ELECTRICAL SERVICES, INC. (dba X ELECTRIC),Corporation - Business - Foreign",,Corporation - Business - Foreign,05/19/2011,0000106939,Active,Good Standing,False,False,False,False,False,Good,Good,Good,MINNESOTA,Perpetual,05/19/2011,,"311 RAILROAD ST W NYA, MN 55368-9774","311 RAILROAD ST W NYA, MN 55368-9774",05/15/2024,,"PARACORP INCORPORATED 1709 N 19TH ST STE 3 BISMARCK, ND  58501-2121",2023-12-18 00:54:32.476218
357877,XXXXX Holdings LLC,"XXXXX Holdings LLC,Limited Liability Company - Business - Domestic",,Limited Liability Company - Business - Domestic,04/27/2023,0006264782,Active,Good Standing,False,False,False,False,False,Good,Good,Good,NORTH DAKOTA,Perpetual,04/27/2023,,"3308 OAK RIDGE POND WAY E WEST FARGO, ND 58078","3308 OAK RIDGE POND WAY E WEST FARGO, ND 58078-2896",11/15/2024,"LIGHT CONSULTING & COACHING LLC 3308 OAK RIDGE POND WAY E WEST FARGO, ND  58078",,2023-12-18 00:54:32.686485
79268,XTREME ELECTRIC INC,"XTREME ELECTRIC INC,Corporation - Business - Domestic",,Corporation - Business - Domestic,01/14/2008,0000079498,Active,Good Standing,False,False,False,False,False,Good,Good,Good,NORTH DAKOTA,Perpetual,01/14/2008,,"7611 AQUARIUS DR FARGO, ND 58104-7926","7611 AQUARIUS DR FARGO, ND 58104-7926",08/01/2024,"DEREK  WANZEK 7611 AQUARIUS DR FARGO, ND  58104-7926",,2023-12-18 00:54:33.074770
92327,"XTREME DRILLING, LLC","XTREME DRILLING, LLC,Limited Liability Company - Business - Foreign",,Limited Liability Company - Business - Foreign,06/17/2008,0000092696,Active,Not Good Standing,False,False,True,True,False,Not Good,Good,Good,NEVADA,Perpetual,06/17/2008,,"7636 WCR 10 FORT LUPTON, CO 80621","5445 COLORADO BLVD XTREME DRILLING, LLC DACONO, CO 80514-9421",11/15/2023,,"INCORP SERVICES, INC. 4501 COLEMAN ST STE 102 BISMARCK, ND  58503",2023-12-18 00:54:33.298846
228979,X-TREME OUTFITTERS,"X-TREME OUTFITTERS,Trade Name",COREY GULKE,Trade Name,03/02/2005,0000229359,Active,Good Standing,False,False,False,False,False,,,,,Expires - 5 years,03/02/2005,,"9673 N HWY 281 PO BOX 66 ELLENDALE, ND 58436-0066","PO BOX 66 ELLENDALE, ND 58436-0066",,,,2023-12-18 00:54:33.556947
318390,Xtreme installations,"Xtreme installations,Trade Name",David Rodriguez,Trade Name,07/07/2021,0005565360,Active,Good Standing,False,False,False,False,False,,,,,Expires - 5 years,07/07/2021,,"91 OSBORN DR DICKINSON, ND 58601","91 OSBORN DR DICKINSON, ND 58601-3935",,,,2023-12-18 00:54:33.780785
154348,"X-TREME FITNESS, LLC","X-TREME FITNESS, LLC,Limited Liability Company - Business - Domestic",,Limited Liability Company - Business - Domestic,06/17/2016,0000154722,Active,Good Standing,False,False,False,False,False,Good,Good,Good,NORTH DAKOTA,Perpetual,06/17/2016,,"310 MAIN ST LISBON, ND 58054-4140","208 6TH AVE E LISBON, ND 58054-4610",11/15/2024,"SCOTT  SCHMIDT 208 6TH AVE E LISBON, ND  58054-4610",,2023-12-18 00:54:34.151135
323712,"XTS Holdings, LLC","XTS Holdings, LLC,Limited Liability Company - Business - Domestic",,Limited Liability Company - Business - Domestic,10/18/2021,0005668778,Active,Good Standing,False,False,False,False,False,Good,Good,Good,NORTH DAKOTA,Perpetual,10/18/2021,,"198 BERTHOLD STREET PLAZA, ND 58771","198 BERTHOLD ST PLAZA, ND 58771-7100",11/15/2024,"DARIN  POWELL 198 BERTHOLD ST PLAZA, ND  58771",,2023-12-18 00:54:34.512947
347328,Xtreme Gun Works,"Xtreme Gun Works,Trade Name",Wet Work Hydrographics LLC,Trade Name,10/26/2022,0006065149,Active,Good Standing,False,False,False,False,False,,,,,Expires - 5 years,10/26/2022,,"819 3RD ST N WAHPETON, ND 58075","819 3RD ST N WAHPETON, ND 58075-3403",,,,2023-12-18 00:54:34.918819
369976,Xtreme Cleaning Services LLC,"Xtreme Cleaning Services LLC,Limited Liability Company - Business - Domestic",,Limited Liability Company - Business - Domestic,11/24/2023,0006482080,Active,Good Standing,False,False,False,False,False,Good,Good,Good,NORTH DAKOTA,Perpetual,11/24/2023,,"208 6TH ST NE BELFIELD, ND 58622","208 6TH ST NE BELFIELD, ND 58622-7228",11/15/2024,"GABRIEL  FRANCO 208 6TH ST NE BELFIELD, ND  58622",,2023-12-18 00:54:35.333771
236958,XTREME BUILDERS,"XTREME BUILDERS,Trade Name",JOSH JELINEK,Trade Name,01/27/2009,0000237338,Active,Good Standing,False,False,True,True,False,,,,,Expires - 5 years,01/27/2009,,"12 MILLSTREET PO BOX 87 PISEK, ND 58273-0087","12 MILLSTREET PO BOX 87 PISEK, ND 58273-0087",,,,2023-12-18 00:54:35.629680
151536,"XCALIBER INTERNATIONAL LTD., L.L.C.","XCALIBER INTERNATIONAL LTD., L.L.C.,Limited Liability Company - Business - Foreign",,Limited Liability Company - Business - Foreign,02/01/2016,0000151910,Active,Good Standing,False,False,False,False,False,Good,Good,Good,OKLAHOMA,Perpetual,02/01/2016,,"1 TOBACCO RD PRYOR, OK 74361-4002","4747 NE 1ST ST PRYOR, OK 74361-9807",11/15/2024,,"CORPORATION SERVICE COMPANY 418 N 2ND ST BISMARCK, ND  58501",2023-12-18 00:54:36.027211
169542,XTRA APPAREL CO LLC,"XTRA APPAREL CO LLC,Limited Liability Company - Business - Domestic",,Limited Liability Company - Business - Domestic,06/14/2018,0000169920,Active,Good Standing,False,False,False,False,False,Good,Good,Good,NORTH DAKOTA,Perpetual,06/14/2018,,"5958 66TH ST S FARGO, ND 58104","5958 66TH ST S FARGO, ND 58104-5643",11/15/2024,"NORTH DAKOTA REGISTERED AGENT SERVICES LLC 1709 N 19TH ST STE 3 BISMARCK, ND  58501-2121",,2023-12-18 00:54:36.394100
77127,"XTRA PROPERTIES, LLC","XTRA PROPERTIES, LLC,Limited Liability Company - Business - Domestic",,Limited Liability Company - Business - Domestic,10/11/2004,0000077355,Active,Good Standing,False,False,False,False,False,Good,Good,Good,NORTH DAKOTA,Perpetual,10/11/2004,,"1709 25TH AVE SO #209 SHERLEEN LARSON FARGO, ND 58103","1709 25TH AVE S APT 209 Sherleen Larson FARGO, ND 58103-5359",11/15/2024,"Sherleen  Larson 1709 25TH AVENUE SO # 209 FARGO, ND  58103",,2023-12-18 00:54:36.704341
334862,"XB Investments, LLC","XB Investments, LLC,Limited Liability Company - Business - Domestic",,Limited Liability Company - Business - Domestic,05/03/2022,0005869610,Active,Not Good Standing,False,False,True,True,False,Not Good,Good,Good,NORTH DAKOTA,Perpetual,05/03/2022,,"12 MILL ST PISEK, ND 58273-8500","PO BOX 73 PISEK, ND 58273-0073",11/15/2023,"JOSH  JELINEK 12 MILL ST PISEK, ND  58273",,2023-12-18 00:54:36.948624
171952,"XTO HOLDINGS, LLC","XTO HOLDINGS, LLC,Limited Liability Company - Business - Foreign",,Limited Liability Company - Business - Foreign,10/02/2018,0000172330,Active,Good Standing,False,False,False,False,False,Good,Good,Good,DELAWARE,Perpetual,10/02/2018,,"22777 SPRINGWOODS VILLAGE PKWY SPRING, TX 77389-1425","22777 SPRINGWOODS VILLAGE PKWY SPRING, TX 77389-1425",11/15/2024,,"CORPORATION SERVICE COMPANY 418 N 2ND ST BISMARCK, ND  58501",2023-12-18 00:54:37.349675
337680,Xtreme Auto Detailz,"Xtreme Auto Detailz,Trade Name",Scott A Kraft,Trade Name,06/15/2022,0005917675,Active,Good Standing,False,False,False,False,False,,,,,Expires - 5 years,06/15/2022,,"660 BIRCH CT GRAFTON, ND 58237","660 BIRCH CT GRAFTON, ND 58237-1731",,,,2023-12-18 00:54:37.584059
333710,X-treme Detailing llc,"X-treme Detailing llc,Limited Liability Company - Business - Domestic",,Limited Liability Company - Business - Domestic,04/08/2022,0005856910,Active,Not Good Standing,False,False,True,True,False,Not Good,Good,Good,NORTH DAKOTA,Perpetual,04/08/2022,,"961 41ST AVE W WEST FARGO, ND 58078-8806","961 41ST AVE W WEST FARGO, ND 58078-8840",11/15/2023,"WILLIAM A SIRY 961 41ST AVE W WEST FARGO, ND  58078",,2023-12-18 00:54:37.844047
309214,Xtreme Carpet Cleaning LLC,"Xtreme Carpet Cleaning LLC,Limited Liability Company - Business - Domestic",,Limited Liability Company - Business - Domestic,02/02/2021,0005427601,Active,Not Good Standing,False,False,True,True,False,Not Good,Good,Good,NORTH DAKOTA,Perpetual,02/02/2021,,"10235 BURGUNDY DR HORACE, ND 58047","10235 BURGUNDY DR HORACE, ND 58047",11/15/2023,"ALDIN  MEHUKIC 2790 5TH AVE SW STE B FARGO, ND  58103",,2023-12-18 00:54:38.196311
76644,XTO ENERGY INC.,"XTO ENERGY INC.,Corporation - Business - Foreign",,Corporation - Business - Foreign,05/29/2008,0000076872,Active,Good Standing,False,False,False,False,False,Good,Good,Good,DELAWARE,Perpetual,05/29/2008,,"22777 SPRINGWOODS VILLAGE PARKWAY SPRING, TX 77389","22777 SPRINGWOODS VILLAGE PKWY SPRING, TX 77389-1425",05/15/2024,,"CORPORATION SERVICE COMPANY 418 N 2ND ST BISMARCK, ND  58501",2023-12-18 00:54:38.414537
308363,X-terior Solutions,"X-terior Solutions,Trade Name",Travis c Toepke,Trade Name,02/22/2021,0005407945,Active,Good Standing,False,False,False,False,False,,,,,Expires - 5 years,02/22/2021,,"1006 6TH ST NW MANDAN, ND 58554","1006 6TH ST NW MANDAN, ND 58554-2419",,,,2023-12-18 00:54:38.663992
309089,X-treme Detailing,"X-treme Detailing,Trade Name",Will A siry,Trade Name,02/01/2021,0005426033,Active,Good Standing,False,False,False,False,False,,,,,Expires - 5 years,02/01/2021,,"961 41ST AVE W WEST FARGO, ND 58078-8806","961 41ST AVE W WEST FARGO, ND 58078-8840",,,,2023-12-18 00:54:38.919275
369998,XTC U.S. XPRESS INC. U.S. INC.,"XTC U.S. XPRESS INC. U.S. INC.,Corporation - Business - Foreign",,Corporation - Business - Foreign,12/04/2023,0006482466,Active,Good Standing,False,False,False,False,False,Good,Good,Good,DELAWARE,Perpetual,12/04/2023,,"101 W OHIO STREET STE 1601 LAURIE COLLINS INDIANAPOIS, IN 46204","101 W OHIO ST STE 1601 LAURIE COLLINS INDIANAPOLIS, IN 46204-4201",05/15/2024,"WILLIAM  LUCAS 314 E THAYER AVE STE 230 BISMARCK, ND  58501",,2023-12-18 00:54:39.178920
157057,X-TECH LLC,"X-TECH LLC,Limited Liability Company - Business - Foreign",,Limited Liability Company - Business - Foreign,10/19/2016,0000157433,Active,Good Standing,False,False,False,False,False,Good,Good,Good,MINNESOTA,Perpetual,10/19/2016,,"10303 140TH AVE N FELTON, MN 56536-9306","10303 140TH AVE N FELTON, MN 56536-9306",11/15/2024,,"VOGEL LAW FIRM, LTD. 218 NP AVE PO BOX 1389 FARGO, ND  58107",2023-12-18 00:54:39.524016
13614,XTO OFFSHORE INC.,"XTO OFFSHORE INC.,Corporation - Business - Foreign",,Corporation - Business - Foreign,12/18/1980,0000013762,Active,Good Standing,False,False,False,False,False,Good,Good,Good,DELAWARE,Perpetual,12/18/1980,,"22777 SPRINGWOODS VILLAGE PARKWAY SPRING, TX 77389","22777 SPRINGWOODS VILLAGE PKWY SPRING, TX 77389-1425",05/15/2024,,"CORPORATION SERVICE COMPANY 418 N 2ND ST BISMARCK, ND  58501",2023-12-18 00:54:39.833224
180186,"XSTREAM PROPERTIES, LLP","XSTREAM PROPERTIES, LLP,Limited Liability Partnership - Domestic",,Limited Liability Partnership - Domestic,12/30/2002,0000180566,Active,Good Standing,False,False,False,False,False,Good,Good,Good,NORTH DAKOTA,Perpetual,12/30/2002,01/01/2003,"75 COUNTRY CLUB DR. BISMARCK, ND 58501","75 COUNTRY CLUB DR BISMARCK, ND 58501-9374",04/01/2024,"LYNN  JOHNSTON 1422 E BROADWAY BISMARCK, ND  58501-4664",,2023-12-18 00:54:40.353706
91770,XSIDING XTERIORS LLC,"XSIDING XTERIORS LLC,Limited Liability Company - Business - Domestic",,Limited Liability Company - Business - Domestic,04/24/2008,0000092139,Active,Good Standing,False,False,False,False,False,Good,Good,Good,NORTH DAKOTA,Perpetual,04/24/2008,,"15075 56TH ST SE LEONARD, ND 58052-9405","15075 56TH ST SE LEONARD, ND 58052-9405",11/15/2024,"DALE  PIETRUSZEWSKI 15075 56TH ST SE LEONARD, ND  58052-9405",,2023-12-18 00:54:41.073254
254941,XS AUTOMATION,"XS AUTOMATION,Trade Name",JEROME M HINDS,Trade Name,01/27/2014,0000255321,Active,Good Standing,False,False,False,False,False,,,,,Expires - 5 years,01/27/2014,,"9175 76TH AVE NW BOWBELLS, ND 58721-9330","9175 76TH AVE NW BOWBELLS, ND 58721-9330",,,,2023-12-18 00:54:41.365571
347501,"XRT, LLC","XRT, LLC,Limited Liability Company - Business - Foreign",,Limited Liability Company - Business - Foreign,11/16/2022,0006068093,Active,Good Standing,False,False,False,False,False,Good,Good,Good,MISSOURI,Perpetual,11/16/2022,,"2505 PACE BEND RD S PACE BEND RD S SPICEWOOD, TX 78669","2505 PACE BEND RD S SPICEWOOD, TX 78669-2610",11/15/2024,,"CORPORATE CREATIONS NETWORK INC. 1709 N 19TH ST #3 BISMARCK, ND  58501-2121",2023-12-18 00:54:41.603317
362750,"XRPL Mining Company, LLC","XRPL Mining Company, LLC,Limited Liability Company - Business - Domestic",,Limited Liability Company - Business - Domestic,07/19/2023,0006337035,Active,Good Standing,False,False,False,False,False,Good,Good,Good,NORTH DAKOTA,Perpetual,07/19/2023,,"615 N 39TH ST APT 303A GRAND FORKS, ND 58203","615 N 39TH ST APT 303A GRAND FORKS, ND 58203-2089",11/15/2024,"DANIEL B BRUNSON 615 N 39TH ST APT 303A GRAND FORKS, ND  58203",,2023-12-18 00:54:41.989994
341094,"XR Solutions, LLC","XR Solutions, LLC,Limited Liability Company - Business - Domestic",,Limited Liability Company - Business - Domestic,07/26/2022,0005945632,Active,Good Standing,False,False,False,False,False,Good,Good,Good,NORTH DAKOTA,Perpetual,07/26/2022,,"5630 34TH AVENUE SOUTH SUITE 120 FARGO, ND 58104","5630 34TH AVE S STE 120 FARGO, ND 58104-7885",11/15/2024,,"Montgomery & Pender, P.C. 5630 34TH AVE S STE 120 FARGO, ND  58104",2023-12-18 00:54:42.343876
321246,XRQ CORP.,"XRQ CORP.,Corporation - Business - Foreign",,Corporation - Business - Foreign,09/27/2021,0005595152,Active,Good Standing,False,False,False,False,False,Good,Good,Good,CALIFORNIA,Perpetual,09/27/2021,,"3600 ALLISON DRIVE ROSEVILLE, CA 95661","3600 ALLISON DR ROSEVILLE, CA 95661-5901",05/15/2024,,"NORTHWEST REGISTERED AGENT SERVICE, INC. 3003 32ND AVE S STE 240 FARGO, ND  58103-6118",2023-12-18 00:54:42.697296
282230,Xquisite Construction LLC,"Xquisite Construction LLC,Limited Liability Company - Business - Foreign",,Limited Liability Company - Business - Foreign,07/17/2019,0002853122,Active,Good Standing,False,False,False,False,False,Good,Good,Good,MINNESOTA,Perpetual,07/17/2019,,"20755 COUNTY HWY 29 ROCHERT, MN 56578","20755 COUNTY HIGHWAY 29 ROCHERT, MN 56578",11/15/2024,"BRYCE ANDERSON & ASSOCIATES, PLLC 1461 BROADWAY N STE 103 FARGO, ND  58102",,2023-12-18 00:54:43.008124
160766,"X-RAY LIMA TANGO, LLC","X-RAY LIMA TANGO, LLC,Limited Liability Company - Business - Domestic",,Limited Liability Company - Business - Domestic,04/28/2017,0000161142,Active,Not Good Standing,False,False,True,True,False,Not Good,Good,Good,NORTH DAKOTA,Perpetual,04/28/2017,,"218 1ST AVE S JAMESTOWN, ND 58401","218 1ST AVE S JAMESTOWN, ND 58401-4153",11/15/2023,"CORY  KUNERTH 218 1ST AVE S JAMESTOWN, ND  58401",,2023-12-18 00:54:43.416686
275471,Xstreme MD,"Xstreme MD,Trade Name","LIFE LINE TECHNOLOGIES, LLC",Trade Name,02/20/2019,0002708816,Active,Good Standing,False,False,True,True,False,,,,,Expires - 5 years,02/20/2019,,"1028 FORUM DR BROUSSARD, LA 70518","1028 FORUM DR BROUSSARD, LA 70518",,,,2023-12-18 00:54:44.161756
273964,"Xtra-Office, Inc.","Xtra-Office, Inc.,Corporation - Business - Domestic",,Corporation - Business - Domestic,01/22/2019,0002694720,Active,Not Good Standing,False,False,True,True,False,Not Good,Good,Good,NORTH DAKOTA,Perpetual,01/22/2019,,"1926 FRONTIER DRIVE STE B BISMARCK, ND 58504","1926 FRONTIER DR STE B BISMARCK, ND 58504-6950",08/01/2023,"TRACIE  DAY 1720 BURNT BOAT DRIVE STE 205 BISMARCK, ND  58503",,2023-12-18 00:54:44.540608
299621,"XPT Partners, LLC","XPT Partners, LLC,Limited Liability Company - Business - Foreign",,Limited Liability Company - Business - Foreign,07/28/2020,0005216693,Active,Good Standing,False,False,False,False,False,Good,Good,Good,DELAWARE,Perpetual,07/28/2020,,"50 BREWERY STREET SUITE 8476 NEW HAVEN, CT 06530","4965 PRESTON PARK BLVD STE 650 PLANO, TX 75093-8319",11/15/2024,,"3H AGENT SERVICES, INC. 1213 NP AVE N STE 301 FARGO, ND  58102",2023-12-18 00:54:44.851628
173609,"XPRESSDOCS GP, LLC","XPRESSDOCS GP, LLC,Limited Liability Company - Business - Foreign",,Limited Liability Company - Business - Foreign,12/06/2018,0000173989,Active,Good Standing,False,False,False,False,False,Good,Good,Good,DELAWARE,Perpetual,12/06/2018,,"1301 NE LOOP 820 FORT WORTH, TX 76131","1301 NE LOOP 820 FORT WORTH, TX 76131-1522",11/15/2024,,"CORPORATION SERVICE COMPANY 418 N 2ND ST BISMARCK, ND  58501",2023-12-18 00:54:45.067240
188181,"XPRESSDOCS PARTNERS, LTD. (dba XPRESSDOCS PARTNERS, LTD., A TEXAS LP)","XPRESSDOCS PARTNERS, LTD. (dba XPRESSDOCS PARTNERS, LTD., A TEXAS LP),Limited Partnership - Foreign",,Limited Partnership - Foreign,12/06/2018,0000188561,Active,Good Standing,False,False,False,False,False,Good,Good,Good,TEXAS,Perpetual,12/06/2018,,"1301 NE LOOP 820 FORT WORTH, TX 76131","1301 NE LOOP 820 FORT WORTH, TX 76131-1522",04/01/2024,,"CORPORATION SERVICE COMPANY 418 N 2ND ST BISMARCK, ND  58501",2023-12-18 00:54:45.438813
265494,XPRESS MONEY,"XPRESS MONEY,Trade Name",MONEYDART GLOBAL SERVICES INC.,Trade Name,09/27/2016,0000265874,Active,Good Standing,False,False,False,False,False,,,,,Expires - 5 years,09/27/2016,,"33 WOOD AVENUE SOUTH, SUITE 600 ISELIN, NJ 08830","33 WOOD AVE S STE 600 ISELIN, NJ 08830-2717",,,,2023-12-18 00:54:45.877234
333362,Xtravagant Elegance,"Xtravagant Elegance,Trade Name","Xiomara A. Uribe, Ecaterina M. Quintana",Trade Name,04/05/2022,0005852807,Active,Good Standing,False,False,False,False,False,,,,,Expires - 5 years,04/05/2022,,"1002 EAST LASALLE DR. BISMARCK, ND 58503","1002 E LASALLE DR BISMARCK, ND 58503-8895",,,,2023-12-18 00:54:46.141920
342668,Xpress Painting Solutions LLC,"Xpress Painting Solutions LLC,Limited Liability Company - Business - Domestic",,Limited Liability Company - Business - Domestic,08/23/2022,0005969887,Active,Not Good Standing,False,False,True,True,False,Not Good,Good,Good,NORTH DAKOTA,Perpetual,08/23/2022,,"619 W ROSSER AVE. BISMARCK, ND 58501","619 W ROSSER AVE BISMARCK, ND 58501-3781",11/15/2023,"Jesse  Gwinn 2843 HAWKEN ST 1 BISMARCK, ND  58503",,2023-12-18 00:54:46.491238
359470,Xpress Bookkeepers,"Xpress Bookkeepers,Trade Name",Christopher Tegwe,Trade Name,05/23/2023,0006283339,Active,Good Standing,False,False,False,False,False,,,,,Expires - 5 years,05/23/2023,,"16 1/2 W VILLARD ST 2 CHRISTOPHER TEGWE DICKINSON, ND 58601","547 S 7TH ST # 294 CHRISTOPHER TEGWE BISMARCK, ND 58504-5859",,,,2023-12-18 00:54:46.710720
45656,"XPO Logistics Freight, Inc.","XPO Logistics Freight, Inc.,Corporation - Business - Foreign",,Corporation - Business - Foreign,07/21/1995,0000045863,Active,Good Standing,False,False,False,False,False,Good,Good,Good,DELAWARE,Perpetual,07/21/1995,,"2211 OLD EARHART RD ANN ARBOR, MI 48105-2963","PO BOX 6046 TAX DEPARTMENT PORTLAND, OR 97228-6046",05/15/2024,,"REGISTERED AGENT SOLUTIONS, INC. 1709 N 19TH ST STE 3 BISMARCK, ND  58501-2121",2023-12-18 00:54:47.412717
159148,XPRESS BLASTING LLC,"XPRESS BLASTING LLC,Limited Liability Company - Business - Foreign",,Limited Liability Company - Business - Foreign,04/05/2017,0000159524,Active,Not Good Standing,False,False,True,True,False,Not Good,Good,Good,MINNESOTA,Perpetual,04/05/2017,,"1622 13TH AVE SE EAST GRAND FORKS, MN 56721-3213","1622 13TH AVE SE EAST GRAND FORKS, MN 56721-3213",11/15/2023,"WILLIAM  FRANKLIN 2268 21ST AVE NE MEKINOCK, ND  58258-9636",,2023-12-18 00:54:47.946845
159971,XPONET (dba XPONET CORPORATION),"XPONET (dba XPONET CORPORATION),Corporation - Business - Foreign",,Corporation - Business - Foreign,03/22/2017,0000160347,Active,Good Standing,False,False,False,False,False,Good,Good,Good,NEVADA,Perpetual,03/22/2017,,"8350 PARKLINE BLVD, SUITE 1-3 LUTHER TUPPONCE ORLANDO, FL 32809","8350 PARKLINE BLVD STE 1-3 LUTHER TUPPONCE ORLANDO, FL 32809-8133",05/15/2024,,"INCORP SERVICES, INC. 4501 COLEMAN ST STE 102 BISMARCK, ND  58503",2023-12-18 00:54:48.329830
367060,"Xpressbet, LLC","Xpressbet, LLC,Limited Liability Company - Business - Foreign",,Limited Liability Company - Business - Foreign,10/04/2023,0006429887,Active,Good Standing,False,False,False,False,False,Good,Good,Good,DELAWARE,Perpetual,10/04/2023,,"200 RACETRACK ROAD, BLDG 26 WASHINGTON, PA 15301","200 RACETRACK RD BLDG 26 WASHINGTON, PA 15301-8966",11/15/2024,,"C T CORPORATION SYSTEM 120 W SWEET AVE BISMARCK, ND  58504",2023-12-18 00:54:48.520542
154896,XPERT ENTERPRISES LLC,"XPERT ENTERPRISES LLC,Limited Liability Company - Business - Domestic",,Limited Liability Company - Business - Domestic,07/01/2016,0000155270,Active,Good Standing,False,False,False,False,False,Good,Good,Good,NORTH DAKOTA,Perpetual,07/01/2016,,"2609 HERITAGE DR MINOT, ND 58703-1660","2609 HERITAGE DR MINOT, ND 58703-1660",11/15/2024,"RACHAEL  NADEAU 2609 HERITAGE DR MINOT, ND  58703-1660",,2023-12-18 00:54:48.819512
282517,Xpert Drywall llc,"Xpert Drywall llc,Limited Liability Company - Business - Domestic",,Limited Liability Company - Business - Domestic,08/08/2019,0002857167,Active,Good Standing,False,False,False,False,False,Good,Good,Good,NORTH DAKOTA,Perpetual,08/08/2019,,"3003 32ND AVE. S. STE 240 FARGO, ND 58103","3003 32ND AVE S STE 240 FARGO, ND 58103-6118",11/15/2024,,"NORTHWEST REGISTERED AGENT SERVICE, INC. 3003 32ND AVE S STE 240 FARGO, ND  58103-6118",2023-12-18 00:54:49.110956
352546,Xperience Investments LLC,"Xperience Investments LLC,Limited Liability Company - Business - Domestic",,Limited Liability Company - Business - Domestic,02/06/2023,0006184608,Active,Good Standing,False,False,False,False,False,Good,Good,Good,NORTH DAKOTA,Perpetual,02/06/2023,,"1018 26TH STREET NW FARGO, ND 58102","1018 26TH ST N FARGO, ND 58102-3127",11/15/2024,"DELSON  SAINTAL 1781 39TH ST S APT 308 FARGO, ND  58103",,2023-12-18 00:54:49.531517
86448,XPERIENCE HEALTH & FITNESS LLC,"XPERIENCE HEALTH & FITNESS LLC,Limited Liability Company - Business - Domestic",,Limited Liability Company - Business - Domestic,04/17/2007,0000086814,Active,Good Standing,False,False,False,False,False,Good,Good,Good,NORTH DAKOTA,Perpetual,04/17/2007,,"10338 152ND AVE NE BATHGATE, ND 58216","10338 152ND AVE NE BATHGATE, ND 58216-9618",11/15/2024,"DARCY D REIS 442 JEROME ST PEMBINA, ND  58271",,2023-12-18 00:54:49.901088
291576,"Xpert Xteriors, LLC","Xpert Xteriors, LLC,Limited Liability Company - Business - Domestic",,Limited Liability Company - Business - Domestic,01/28/2020,0003036205,Active,Good Standing,False,False,False,False,False,Good,Good,Good,NORTH DAKOTA,Perpetual,01/28/2020,,"1531 SUNTREE DR WEST FARGO, ND 58078","1531 SUNTREE DR WEST FARGO, ND 58078-4506",11/15/2024,"PHILIP L MAENZA 1531 SUNTREE DR WEST FARGO, ND  58078",,2023-12-18 00:54:50.275244
328417,XSTREAM CLEAN CAR WASH,"XSTREAM CLEAN CAR WASH,Trade Name","KARLGAARD ENTERPRISES, LLC",Trade Name,01/20/2022,0005767677,Active,Good Standing,False,False,False,False,False,,,,,Expires - 5 years,01/20/2022,,"11155 56TH ST SE DARIN KARLGAARD LITCHVILLE, ND 58461","11155 56TH ST SE DARIN KARLGAARD LITCHVILLE, ND 58461-9511",,,,2023-12-18 00:54:50.612596
304915,"Xperience Title, LLC","Xperience Title, LLC,Limited Liability Company - Business - Foreign",,Limited Liability Company - Business - Foreign,11/06/2020,0005328786,Active,Good Standing,False,False,False,False,False,Good,Good,Good,LOUISIANA,Perpetual,11/06/2020,,"201 ST CHARLES AVENUE STE 2500 NEW ORLEANS, LA 70130","201 SAINT CHARLES AVE STE 2500 NEW ORLEANS, LA 70170-2500",11/15/2024,,"CORPORATION SERVICE COMPANY 418 N 2ND ST BISMARCK, ND  58501",2023-12-18 00:54:50.923568
169931,XPON INTERNATIONAL LLC,"XPON INTERNATIONAL LLC,Limited Liability Company - Business - Domestic",,Limited Liability Company - Business - Domestic,07/02/2018,0000170309,Active,Good Standing,False,False,False,False,False,Good,Good,Good,NORTH DAKOTA,Perpetual,07/02/2018,,"4609 MARIE ST BELTSVILLE, MD 20705-2917","4609 MARIE ST BELTSVILLE, MD 20705-2917",11/15/2024,,"LEGALINC CORPORATE SERVICES INC. 2905 JUDE LN NW MANDAN, ND  58554",2023-12-18 00:54:51.351856
333623,Xperience Barbers LLC,"Xperience Barbers LLC,Limited Liability Company - Business - Domestic",,Limited Liability Company - Business - Domestic,04/19/2022,0005856034,Active,Not Good Standing,False,False,True,True,False,Not Good,Good,Good,NORTH DAKOTA,Perpetual,04/19/2022,,"1617 32ND AVE S STE H TAILOR MADE BARBER STUDIO FARGO, ND 58103","1018 26TH ST N DELSON SAINTAL FARGO, ND 58102-3127",11/15/2023,"DELSON  SAINTAL 1781 39TH ST S APT 308 FARGO, ND  58103",,2023-12-18 00:54:51.654660
231746,XPERIENCE HEALTH & FITNESS,"XPERIENCE HEALTH & FITNESS,Trade Name",XPERIENCE HEALTH & FITNESS LLC,Trade Name,07/24/2006,0000232126,Active,Good Standing,False,False,False,False,False,,,,,Expires - 5 years,07/24/2006,,"911 NORTH MAIN STREET DARCY REIS DRAYTON, ND 58225","10338 152ND AVE NE DARCY REIS BATHGATE, ND 58216-9618",,,,2023-12-18 00:54:52.327167
125299,XOME INC.,"XOME INC.,Corporation - Business - Foreign",,Corporation - Business - Foreign,03/05/2013,0000125669,Active,Good Standing,False,False,False,False,False,Good,Good,Good,DELAWARE,Perpetual,03/05/2013,,"750 STATE HIGHWAY 121 BYP STE 100 LEWISVILLE, TX 75067","750 STATE HIGHWAY 121 BYP STE 100 LEWISVILLE, TX 75067-8199",05/15/2024,,"CORPORATION SERVICE COMPANY 418 N 2ND ST BISMARCK, ND  58501",2023-12-18 00:54:52.637534
49020,XP SYSTEMS CORPORATION,"XP SYSTEMS CORPORATION,Corporation - Business - Foreign",,Corporation - Business - Foreign,01/20/1999,0000049228,Active,Good Standing,False,False,False,False,False,Good,Good,Good,MINNESOTA,Perpetual,01/20/1999,,"405 SCIENCE DR MOORPARK, CA 93021-2247","PO BOX 979 BROOKFIELD, WI 53008-0979",05/15/2024,,"CORPORATION SERVICE COMPANY 418 N 2ND ST BISMARCK, ND  58501",2023-12-18 00:54:53.234930
335837,XO SKINCARE LLC,"XO SKINCARE LLC,Limited Liability Company - Business - Domestic",,Limited Liability Company - Business - Domestic,05/19/2022,0005884093,Active,Not Good Standing,False,False,True,True,False,Not Good,Good,Good,NORTH DAKOTA,Perpetual,05/19/2022,,"625 15TH ST SE 51 JULIZA ANDRADE MINOT, ND 58701","625 15TH ST SE LOT 51 JULIZA MINOT, ND 58701-4986",11/15/2023,"ANABEL  ANDRADE 503 19TH ST SE MINOT, ND  58701-4153",,2023-12-18 00:54:53.556934
66466,"XO COMMUNICATIONS SERVICES, LLC","XO COMMUNICATIONS SERVICES, LLC,Limited Liability Company - Business - Foreign",,Limited Liability Company - Business - Foreign,08/13/2004,0000066683,Active,Good Standing,False,False,False,False,False,Good,Good,Good,DELAWARE,Perpetual,08/13/2004,,"ONE VERIZON WAY BASKING RIDGE, NJ 07920","ONE VERIZON WAY BASKING RIDGE, NJ 07920",11/15/2024,,"C T CORPORATION SYSTEM 120 W SWEET AVE BISMARCK, ND  58504",2023-12-18 00:54:53.883840
309601,Xperience Barbers,"Xperience Barbers,Trade Name",Delson Saintal,Trade Name,02/09/2021,0005432375,Active,Good Standing,False,False,False,False,False,,,,,Expires - 5 years,02/09/2021,,"1617 32ND AVE S H TAILOR MADE BARBER STUDIO FARGO, ND 58103","1781 39TH ST S APT 308 DELSON SAINTAL FARGO, ND 58103-7178",,,,2023-12-18 00:54:54.139850
345737,XPT Specialty,"XPT Specialty,Trade Name","XPT Partners, LLC",Trade Name,09/28/2022,0006042100,Active,Good Standing,False,False,False,False,False,,,,,Expires - 5 years,09/28/2022,,"50 BREWERY STREET SUITE 8476 NEW HAVEN, CT 06530","50 BREWERY ST UNIT 8476 NEW HAVEN, CT 06530-7719",,,,2023-12-18 00:54:54.495714
356840,Xolaria LLC,"Xolaria LLC,Limited Liability Company - Business - Domestic",,Limited Liability Company - Business - Domestic,04/12/2023,0006253787,Active,Good Standing,False,False,False,False,False,Good,Good,Good,NORTH DAKOTA,Perpetual,04/12/2023,,"1500 14TH ST W STE 250G SHILO J SHUMWAY WILLISTON, ND 58801","1500 14TH ST W STE 250G SHILO J SHUMWAY WILLISTON, ND 58801-4078",11/15/2024,"SHILO J SHUMWAY 1500 14TH ST W STE 250G WILLISTON, ND  58801",,2023-12-18 00:54:54.710458
323422,"XOXO, PHOENIIX LLC","XOXO, PHOENIIX LLC,Limited Liability Company - Business - Domestic",,Limited Liability Company - Business - Domestic,10/13/2021,0005664534,Active,Good Standing,False,False,False,False,False,Good,Good,Good,NORTH DAKOTA,Perpetual,10/13/2021,,"4421 12TH ST W APT 107 DICKINSON, ND 58601","4421 12TH ST W APT 107 DICKINSON, ND 58601-6788",11/15/2024,"STACY  THOMAS 4421 12TH ST W APT 107 DICKINSON, ND  58601",,2023-12-18 00:54:54.944376
116177,XOME FIELD SERVICES LLC,"XOME FIELD SERVICES LLC,Limited Liability Company - Business - Foreign",,Limited Liability Company - Business - Foreign,06/25/2014,0000116547,Active,Good Standing,False,False,False,False,False,Good,Good,Good,DELAWARE,Perpetual,06/25/2014,,"525 GRAND REGENCY BLVD BRANDON,, FL 33510","525 GRAND REGENCY BLVD BRANDON, FL 33510",11/15/2024,,"CORPORATION SERVICE COMPANY 418 N 2ND ST BISMARCK, ND  58501",2023-12-18 00:54:55.296022
328530,XLXF LLC,"XLXF LLC,Limited Liability Company - Business - Domestic",,Limited Liability Company - Business - Domestic,01/24/2022,0005769264,Active,Not Good Standing,False,False,True,True,False,Not Good,Good,Good,NORTH DAKOTA,Perpetual,01/24/2022,,"901 42ND ST S APT 213 FARGO, ND 58103","901 42ND ST S APT 213 FARGO, ND 58103-2156",11/15/2023,"KIER  FUNKHOUSER 901 42ND ST S APT 213 FARGO, ND  58103",,2023-12-18 00:54:55.704209
85802,XN FINANCIAL SERVICES INC.,"XN FINANCIAL SERVICES INC.,Corporation - Business - Foreign",,Corporation - Business - Foreign,02/06/2007,0000086167,Active,Good Standing,False,False,False,False,False,Good,Good,Good,FLORIDA,Perpetual,02/06/2007,,"2424 N FEDERAL HWY STE 314 DENISE FIGUEROA BOCA RATON, FL 33431-7780","2424 N FEDERAL HWY STE 314 BOCA RATON, FL 33431-7780",05/15/2024,,"REGISTERED AGENT SOLUTIONS, INC. 1709 N 19TH ST STE 3 BISMARCK, ND  58501-2121",2023-12-18 00:54:55.961529
83121,"XTREME AUTO, INC.","XTREME AUTO, INC.,Corporation - Business - Domestic",,Corporation - Business - Domestic,06/28/2006,0000083485,Active,Good Standing,False,False,False,False,False,Good,Good,Good,NORTH DAKOTA,Perpetual,06/28/2006,,"2713 HIGHWAY 281 S JAMESTOWN, ND 58401-6611","2713 HIGHWAY 281 S JAMESTOWN, ND 58401-6611",08/01/2024,"MARK L SCHUMACHER 2713 HWY 281 S JAMESTOWN, ND  58401-6611",,2023-12-18 00:54:56.223661
316181,"XM ACRES, LLP","XM ACRES, LLP,Limited Liability Partnership - Domestic",,Limited Liability Partnership - Domestic,05/28/2021,0005525442,Active,Good Standing,False,False,False,False,False,Good,Good,Good,NORTH DAKOTA,Perpetual,05/28/2021,,"216 1ST ST SE TAPPEN, ND 58487","216 1ST ST SE TAPPEN, ND 58487-8708",04/01/2024,"MICHAEL  BERG 216 1ST ST SE TAPPEN, ND  58487",,2023-12-18 00:54:56.638841
279692,xmodn security LLC,"xmodn security LLC,Limited Liability Company - Business - Domestic",,Limited Liability Company - Business - Domestic,05/15/2019,0002794925,Active,Good Standing,False,False,False,False,False,Good,Good,Good,NORTH DAKOTA,Perpetual,05/15/2019,,"3003 32ND AVE S STE 240 FARGO, ND 58103","3003 32ND AVE S STE 240 FARGO, ND 58103",11/15/2024,,"Registered Agents Inc 3003 32ND AVE S STE 240 FARGO, ND  58108",2023-12-18 00:54:57.344850
359212,XSM ATM Services LLC,"XSM ATM Services LLC,Limited Liability Company - Business - Domestic",,Limited Liability Company - Business - Domestic,05/18/2023,0006280606,Active,Good Standing,False,False,False,False,False,Good,Good,Good,NORTH DAKOTA,Perpetual,05/18/2023,,"2814 25TH ST W WILLISTON, ND 58801","2814 25TH ST W WILLISTON, ND 58801-3210",11/15/2024,"SPENSER J MILLER 2814 25TH ST W WILLISTON, ND  58801",,2023-12-18 00:54:57.498672
343629,XM42,"XM42,Trade Name",ROUGHRIDER ARMS LLC,Trade Name,09/08/2022,0006023021,Active,Good Standing,False,False,False,False,False,,,,,Expires - 5 years,09/08/2022,,"5201 GATEWAY DRIVE UNIT 2 GRAND FORKS, ND 58203","5201 GATEWAY DR STE 2 GRAND FORKS, ND 58203-1104",,,,2023-12-18 00:54:57.959140
327624,XLW SHOP LLC,"XLW SHOP LLC,Limited Liability Company - Business - Domestic",,Limited Liability Company - Business - Domestic,12/30/2021,0005744756,Active,Not Good Standing,False,False,True,True,False,Not Good,Good,Good,NORTH DAKOTA,Perpetual,12/30/2021,,"402 30TH AVE N 16 FARGO, ND 58102","402 30TH AVE N APT 16 FARGO, ND 58102-1569",11/15/2023,"AMINA  ADEN 2450 65TH AVE S APT 308 FARGO, ND  58104",,2023-12-18 00:54:58.195628
280560,XLT Transport,"XLT Transport,Trade Name","X-RAY LIMA TANGO, LLC",Trade Name,06/07/2019,0002831383,Active,Good Standing,False,False,False,False,False,,,,,Expires - 5 years,06/07/2019,,"218 1ST AVE S JAMESTOWN, ND 58401","218 1ST AVE S JAMESTOWN, ND 58401",,,,2023-12-18 00:54:58.680463
347215,XLT Pack and Ship,"XLT Pack and Ship,Trade Name","X-RAY LIMA TANGO, LLC",Trade Name,10/25/2022,0006063334,Active,Good Standing,False,False,False,False,False,,,,,Expires - 5 years,10/25/2022,,"218 FIRST AVE SOUTH JAMESTOWN, ND 58401","218 1ST AVE S JAMESTOWN, ND 58401-4153",,,,2023-12-18 00:54:59.290243
290974,XL LOGISTICS LLC,"XL LOGISTICS LLC,Limited Liability Company - Business - Domestic",,Limited Liability Company - Business - Domestic,01/13/2020,0003016450,Active,Not Good Standing,False,False,True,True,False,Not Good,Good,Good,NORTH DAKOTA,Expires,01/13/2020,,"1323 23RD ST S STE K FARGO, ND 58103","1323 23RD ST S STE K APT 104 FARGO, ND 58103-3759",11/15/2023,"MOHAMED  GARAAR 1323 23RD ST S STE K FARGO, ND  58103",,2023-12-18 00:54:59.521964
280171,"XLT Management Services, Inc.","XLT Management Services, Inc.,Corporation - Business - Foreign",,Corporation - Business - Foreign,05/29/2019,0002813336,Active,Good Standing,False,False,False,False,False,Good,Good,Good,ILLINOIS,Perpetual,05/29/2019,,"6909 E. GREENWAY PARKWAY SUITE 130 SCOTTSDALE, AZ 85254","6318 KINGSBRIDGE DR CARY, IL 60013-6401",05/15/2024,,"C T CORPORATION SYSTEM 120 W SWEET AVE BISMARCK, ND  58504",2023-12-18 00:54:59.772870
356424,xlt taxi,"xlt taxi,Trade Name","X-RAY LIMA TANGO, LLC",Trade Name,04/14/2023,0006249515,Active,Good Standing,False,False,False,False,False,,,,,Expires - 5 years,04/14/2023,,"218 FIRST AVE SOUTH JAMESTOWN, ND 58401-4153","218 1ST AVE S JAMESTOWN, ND 58401-4153",,,,2023-12-18 00:55:00.415672
123072,"XL TRANSPORT, LLC","XL TRANSPORT, LLC,Limited Liability Company - Business - Domestic",,Limited Liability Company - Business - Domestic,12/04/2012,0000123442,Active,Good Standing,False,False,False,False,False,Good,Good,Good,NORTH DAKOTA,Perpetual,12/04/2012,,"14079 41ST ST NW ALEXANDER, ND 58831-8719","14079 41ST ST NW ALEXANDER, ND 58831-8719",11/15/2024,"COREY  GETZLAFF 14079 41ST ST NW ALEXANDER, ND  58831-8719",,2023-12-18 00:55:00.596025
136264,"XL INDUSTRIAL SERVICES, INC.","XL INDUSTRIAL SERVICES, INC.,Corporation - Business - Foreign",,Corporation - Business - Foreign,05/06/2014,0000136636,Active,Good Standing,False,False,False,False,False,Good,Good,Good,INDIANA,Perpetual,05/06/2014,,"1920 N 400 W LA PORTE, IN 46350-2131","1920 N 400 W LA PORTE, IN 46350-2131",05/15/2024,,"CORPORATION SERVICE COMPANY 418 N 2ND ST BISMARCK, ND  58501",2023-12-18 00:55:00.847714
337322,"XILAJU, LLC","XILAJU, LLC,Limited Liability Company - Business - Domestic",,Limited Liability Company - Business - Domestic,06/09/2022,0005914329,Active,Good Standing,False,False,False,False,False,Good,Good,Good,NORTH DAKOTA,Perpetual,06/09/2022,,"1935 HARBOR DRIVE BISMARCK, ND 58504","1935 HARBOR DR BISMARCK, ND 58504-8977",11/15/2024,"JUAN  ULLOA 1935 HARBOR DR BISMARCK, ND  58504",,2023-12-18 00:55:01.253526
348851,"Xigent Solutions, LLC","Xigent Solutions, LLC,Limited Liability Company - Business - Foreign",,Limited Liability Company - Business - Foreign,11/29/2022,0006091585,Active,Good Standing,False,False,False,False,False,Good,Good,Good,MINNESOTA,Perpetual,11/29/2022,,"1650 WEST END BLVD STE 100 MINNEAPOLIS, MN 55416","1650 WEST END BLVD STE 100 MINNEAPOLIS, MN 55416-5369",11/15/2024,,"C T CORPORATION SYSTEM 120 W SWEET AVE BISMARCK, ND  58504",2023-12-18 00:55:01.693979
136423,"XIPHOS TECHNICAL SERVICES, LLC","XIPHOS TECHNICAL SERVICES, LLC,Limited Liability Company - Business - Domestic",,Limited Liability Company - Business - Domestic,05/12/2014,0000136795,Active,Good Standing,False,False,False,False,False,Good,Good,Good,NORTH DAKOTA,Perpetual,05/12/2014,,"198 BERTHOLD ST PLAZA, ND 58771-0008","PO BOX 8 PLAZA, ND 58771-0008",11/15/2024,"DARIN K POWELL 198 BERTHOLD ST PO BOX 8 PLAZA, ND  58771-0008",,2023-12-18 00:55:02.340015
293283,XL Farms,"XL Farms,Trade Name",,Trade Name,03/04/2020,0003069778,Active,Good Standing,False,False,False,False,False,,,,,Expires - 5 years,03/04/2020,,"14079 41ST ST NW ALEXANDER, ND 58831","14079 41ST ST NW ALEXANDER, ND 58831-8719",,,,2023-12-18 00:55:02.669079
100168,"X-GEN PHARMACEUTICALS, INC.","X-GEN PHARMACEUTICALS, INC.,Corporation - Business - Foreign",,Corporation - Business - Foreign,06/19/2010,0000100537,Active,Good Standing,False,False,False,False,False,Good,Good,Good,NEW YORK,Perpetual,06/19/2010,,"300 DANIEL ZENKER DR HORSEHEADS, NY 14845","300 DANIEL ZENKER DR HORSEHEADS, NY 14845-1014",05/15/2024,,"INCORP SERVICES, INC. 4501 COLEMAN ST STE 102 BISMARCK, ND  58503",2023-12-18 00:55:02.894563
353992,"XFIT Holdings, Inc.","XFIT Holdings, Inc.,Corporation - Business - Foreign",,Corporation - Business - Foreign,03/02/2023,0006204817,Active,Good Standing,False,False,False,False,False,Good,Good,Good,DELAWARE,Perpetual,03/02/2023,,"2617 BROADWAY STREET SUITE 223 PRESCOTT, AZ 86305","3623 CROSSINGS DR STE 223 PRESCOTT, AZ 86305-7101",05/15/2024,,"C T CORPORATION SYSTEM 120 W SWEET AVE BISMARCK, ND  58504",2023-12-18 00:55:03.196960
348941,Xfinity Home,"Xfinity Home,Trade Name","COMCAST BROADBAND SECURITY, LLC",Trade Name,11/30/2022,0006092932,Active,Good Standing,False,False,False,False,False,,,,,Expires - 5 years,11/30/2022,,"1701 JOHN F. KENNEDY BLVD. PHILADELPHIA, PA 19103","1701 JOHN F KENNEDY BLVD PHILADELPHIA, PA 19103-2838",,,,2023-12-18 00:55:03.597304
270408,XO BEAUTY,"XO BEAUTY,Trade Name",ASHLEY MACK,Trade Name,02/06/2018,0000270788,Active,Good Standing,False,False,False,False,False,,,,,Expires - 5 years,02/06/2018,,"607 13TH ST NE JAMESTOWN, ND 58401-2600","607 13TH ST NE JAMESTOWN, ND 58401-2600",,,,2023-12-18 00:55:03.822888
17447,XEROX CORPORATION,"XEROX CORPORATION,Corporation - Business - Foreign",,Corporation - Business - Foreign,05/05/1964,0000017597,Active,Good Standing,False,False,False,False,False,Good,Good,Good,NEW YORK,Perpetual,05/05/1964,,"201 MERRITT 7 NORWALK, CT 06851","201 MERRITT 7 NORWALK, CT 06851-1056",05/15/2024,,"THE PRENTICE-HALL CORPORATION SYSTEM, INC. 418 N 2ND ST BISMARCK, ND  58501",2023-12-18 00:55:04.202120
117057,"XGP PROPERTIES, LLC","XGP PROPERTIES, LLC,Limited Liability Company - Business - Domestic",,Limited Liability Company - Business - Domestic,05/21/2012,0000117427,Active,Good Standing,False,False,False,False,False,Good,Good,Good,NORTH DAKOTA,Perpetual,05/21/2012,,"3612 GRAYSON DR BURLINGTON, ND 58722","3612 GRAYSON DR BURLINGTON, ND 58722-9541",11/15/2024,"GEORGE  POITRA 3612 GRAYSON DR BURLINGTON, ND  58722-9541",,2023-12-18 00:55:04.614057
73374,XEROX FINANCIAL SERVICES LLC,"XEROX FINANCIAL SERVICES LLC,Limited Liability Company - Business - Foreign",,Limited Liability Company - Business - Foreign,02/04/2003,0000073595,Active,Good Standing,False,False,False,False,False,Good,Good,Good,DELAWARE,Perpetual,02/04/2003,,"201 MERRITT 7 NORWALK, CT 06851","201 MERRITT 7 NORWALK, CT 06851",11/15/2024,,"CORPORATION SERVICE COMPANY 418 N 2ND ST BISMARCK, ND  58501",2023-12-18 00:55:05.025808
14868,"XH, LLC","XH, LLC,Limited Liability Company - Business - Foreign",,Limited Liability Company - Business - Foreign,05/04/1983,0000015018,Active,Good Standing,False,False,False,False,False,Good,Good,Good,DELAWARE,Perpetual,05/04/1983,,"22777 SPRINGWOODS VILLAGE PKWY SPRING, TX 77389-1425","22777 SPRINGWOODS VILLAGE PKWY SPRING, TX 77389-1425",11/15/2024,,"CORPORATION SERVICE COMPANY 418 N 2ND ST BISMARCK, ND  58501",2023-12-18 00:55:05.638781
123678,XOME REALTY SERVICES LLC,"XOME REALTY SERVICES LLC,Limited Liability Company - Business - Foreign",,Limited Liability Company - Business - Foreign,01/11/2013,0000124048,Active,Good Standing,False,False,False,False,False,Good,Good,Good,DELAWARE,Perpetual,01/11/2013,,"750 HWY 121 BYPASS SUITE 100 LEWISVILLE, TX 75067","750 HWY 121 BYPASS SUITE 100 LEWISVILLE, TX 75067",11/15/2024,,"CORPORATION SERVICE COMPANY 418 N 2ND ST BISMARCK, ND  58501",2023-12-18 00:55:05.851106
47640,"XL HOMES, CORP.","XL HOMES, CORP.,Corporation - Business - Domestic",,Corporation - Business - Domestic,05/24/1996,0000047848,Active,Good Standing,False,False,False,False,False,Good,Good,Good,NORTH DAKOTA,Perpetual,05/24/1996,,"2517 MEMORIAL HWY MANDAN, ND 58554-4628","2517 MEMORIAL HWY MANDAN, ND 58554-4628",08/01/2024,"DAN  MASSETH 2695 28TH ST MANDAN, ND  58554-8005",,2023-12-18 00:55:06.559794
282675,"Xencom Energy Management, LLC","Xencom Energy Management, LLC,Limited Liability Company - Business - Foreign",,Limited Liability Company - Business - Foreign,07/31/2019,0002859472,Active,Good Standing,False,False,False,False,False,Good,Good,Good,TEXAS,Perpetual,07/31/2019,,"1609 PRECISION DRIVE 3000 JOHN W. LUXEN PLANO, TX 75074","1609 PRECISION DR STE 3000 JOHN W. LUXEN PLANO, TX 75074-8676",11/15/2024,,"REGISTERED AGENT SOLUTIONS, INC. 1709 N 19TH ST STE 3 BISMARCK, ND  58501-2121",2023-12-18 00:55:06.941694
135134,Xenex Disinfection Services Inc.,"Xenex Disinfection Services Inc.,Corporation - Business - Foreign",,Corporation - Business - Foreign,03/20/2014,0000135506,Active,Good Standing,False,False,False,False,False,Good,Good,Good,DELAWARE,Perpetual,03/20/2014,,"1074 ARION CIRCLE, STE 116 SAN ANTONIO, TX 78216","1074 ARION CIR STE 116 SAN ANTONIO, TX 78216-3085",05/15/2024,,"INCORP SERVICES, INC. 4501 COLEMAN ST STE 102 BISMARCK, ND  58503",2023-12-18 00:55:07.379699
275237,"Xeris Pharmaceuticals, Inc.","Xeris Pharmaceuticals, Inc.,Corporation - Business - Foreign",,Corporation - Business - Foreign,02/14/2019,0002705646,Active,Good Standing,False,False,False,False,False,Good,Good,Good,DELAWARE,Perpetual,02/14/2019,,"1375 W FULTON STREET, SUITE 1300 CHICAGO, IL 60607","1375 W FULTON ST STE 1300 CHICAGO, IL 60607-1160",05/15/2024,,"C T CORPORATION SYSTEM 120 W SWEET AVE BISMARCK, ND  58504",2023-12-18 00:55:07.583400
333154,XIULING INC,"XIULING INC,Corporation - Business - Domestic",,Corporation - Business - Domestic,04/01/2022,0005851059,Active,Not Good Standing,False,False,True,True,False,Not Good,Good,Good,NORTH DAKOTA,Perpetual,04/01/2022,,"4323 45TH ST SOUTH 105 FARGO, ND 58104","4323 45TH ST S STE 105 FARGO, ND 58104-4496",08/01/2023,"XIULING  WU 4323 45TH ST S STE 105 FARGO, ND  58104",,2023-12-18 00:55:07.932420
362695,"XEC, Inc.","XEC, Inc.,Corporation - Business - Foreign",,Corporation - Business - Foreign,07/14/2023,0006336472,Active,Good Standing,False,False,False,False,False,Good,Good,Good,KANSAS,Perpetual,07/14/2023,,"11200 W 79TH ST LENEXA, KS 66214","11200 W 79TH ST LENEXA, KS 66214-1492",05/15/2024,,"CORPORATION SERVICE COMPANY 418 N 2ND ST BISMARCK, ND  58501",2023-12-18 00:55:08.207816
74042,"XIE XIE, LLC","XIE XIE, LLC,Limited Liability Company - Business - Domestic",,Limited Liability Company - Business - Domestic,03/28/2003,0000074263,Active,Good Standing,False,False,False,False,False,Good,Good,Good,NORTH DAKOTA,Perpetual,03/28/2003,,"317 BROADWAY N FARGO, ND 58102-4714","317 BROADWAY N FARGO, ND 58102-4714",11/15/2024,"CINDY  O'DAY 2991 PETERSON PKWY NE FARGO, ND  58102-1752",,2023-12-18 00:55:08.501855
333730,"XEBU, LLC","XEBU, LLC,Limited Liability Company - Business - Domestic",,Limited Liability Company - Business - Domestic,04/11/2022,0005857300,Active,Not Good Standing,False,False,True,True,False,Not Good,Good,Good,NORTH DAKOTA,Perpetual,04/11/2022,,"1501 45TH ST. WEST APT #204 WILLISTON, ND 58801","1501 45TH ST W APT 204 WILLISTON, ND 58801-1920",11/15/2023,"CORPORATE SERVICE CENTER, INC. 33 S 3RD ST STE D-15 GRAND FORKS, ND  58201",,2023-12-18 00:55:08.761146
346477,"Xelix Distribution, Inc.","Xelix Distribution, Inc.,Corporation - Business - Foreign",,Corporation - Business - Foreign,10/12/2022,0006052722,Active,Good Standing,False,False,False,False,False,Good,Good,Good,TEXAS,Perpetual,10/12/2022,,"4747 MCLANE PARKWAY TEMPLE, TX 76504","PO BOX 6115 TEMPLE, TX 76503-6115",05/15/2024,,"C T CORPORATION SYSTEM 120 W SWEET AVE BISMARCK, ND  58504",2023-12-18 00:55:09.002299
335425,xDatak LLC,"xDatak LLC,Limited Liability Company - Business - Domestic",,Limited Liability Company - Business - Domestic,05/12/2022,0005876954,Active,Not Good Standing,False,False,True,True,False,Not Good,Good,Good,NORTH DAKOTA,Perpetual,05/12/2022,,"1968 S. COAST HWY STE 105 LAGUNA BEACH, CA 92651","1968 S COAST HWY PMB 105 LAGUNA BEACH, CA 92651-3681",11/15/2023,,"AAA NORTH DAKOTA REGISTERED AGENT LLC 3003 32ND AVE S STE 240 FARGO, ND  58103",2023-12-18 00:55:09.522853
314011,XDP Digital LLC,"XDP Digital LLC,Limited Liability Company - Business - Domestic",,Limited Liability Company - Business - Domestic,04/22/2021,0005499495,Active,Good Standing,False,False,False,False,False,Good,Good,Good,NORTH DAKOTA,Perpetual,04/22/2021,,"924 16TH AVE E STEVE LUCZAK DICKINSON, ND 58601","924 16TH AVE E STEVE LUCZAK DICKINSON, ND 58601-3632",11/15/2024,"KIMBERLY  BRAUN 97 1ST ST E DICKINSON, ND  58601",,2023-12-18 00:55:09.838227
148120,XERCOR INSURANCE SERVICES LLC,"XERCOR INSURANCE SERVICES LLC,Limited Liability Company - Business - Foreign",,Limited Liability Company - Business - Foreign,08/17/2015,0000148493,Active,Good Standing,False,False,False,False,False,Good,Good,Good,DELAWARE,Perpetual,08/17/2015,,"8425 WOODFIELD CROSSING BLVD SUITE 101E INDIANAPOLIS, IN 46240","8425 WOODFIELD CROSSING BLVD SUITE 101E INDIANAPOLIS, IN 46240",11/15/2024,,"COGENCY GLOBAL INC. 120 W SWEET AVE STE 9 BISMARCK, ND  58504",2023-12-18 00:55:10.121866
313973,XeCare LLC,"XeCare LLC,Limited Liability Company - Business - Foreign",,Limited Liability Company - Business - Foreign,04/22/2021,0005499136,Active,Good Standing,False,False,False,False,False,Good,Good,Good,DELAWARE,Perpetual,04/22/2021,,"9750 INNOVATION CAMPUS WAY NEW ALBANY, OH 43054","9750 INNOVATION CAMPUS WAY NEW ALBANY, OH 43054",11/15/2024,,"CAPITOL CORPORATE SERVICES, INC. 1213 NP AVE STE 301 FARGO, ND  58102",2023-12-18 00:55:10.507814
169122,Xebec Systems USA LLC,"Xebec Systems USA LLC,Limited Liability Company - Business - Foreign",,Limited Liability Company - Business - Foreign,05/24/2018,0000169500,Active,Not Good Standing,False,False,True,True,False,Not Good,Good,Good,DELAWARE,Perpetual,05/24/2018,,"9461 WILLOW CT HENDERSON, CO 80640-8547","532 PATTERSON AVE STE 180 CORPORATE SECRETARY MOORESVILLE, NC 28115-2145",11/15/2023,,"INCORP SERVICES, INC. 4501 COLEMAN ST STE 102 BISMARCK, ND  58503",2023-12-18 00:55:10.914533
344027,"XCS Pros, LLC","XCS Pros, LLC,Limited Liability Company - Business - Domestic",,Limited Liability Company - Business - Domestic,09/16/2022,0006028866,Active,Good Standing,False,False,False,False,False,Good,Good,Good,NORTH DAKOTA,Perpetual,09/16/2022,10/01/2022,"2407 32ND ST. S MR. MICHAEL BROOKS FARGO, ND 58103","PO BOX 10326 MR. MICHAEL BROOKS FARGO, ND 58106-0326",11/15/2024,"MICHAEL S BROOKS 2407 32ND ST S FARGO, ND  58103",,2023-12-18 00:55:11.201188
141236,"XConnect, LLC","XConnect, LLC,Limited Liability Company - Business - Foreign",,Limited Liability Company - Business - Foreign,10/27/2014,0000141609,Active,Good Standing,False,False,False,False,False,Good,Good,Good,NEVADA,Perpetual,10/27/2014,,"518 17TH STREET STE 200 DENVER, CO 80202","518 17TH STREET STE 200 DENVER, CO 80202",11/15/2024,,"INCORP SERVICES, INC. 4501 COLEMAN ST STE 102 BISMARCK, ND  58503",2023-12-18 00:55:11.639281
154726,"XENITH, LLC","XENITH, LLC,Limited Liability Company - Business - Foreign",,Limited Liability Company - Business - Foreign,06/27/2016,0000155100,Active,Good Standing,False,False,False,False,False,Good,Good,Good,DELAWARE,Perpetual,06/27/2016,,"4333 W. FORT ST DETROIT, MI 48209","4333 W FORT ST DETROIT, MI 48209",11/15/2024,,"UNITED AGENT GROUP INC. 1709 N 19TH ST #3 BISMARCK, ND  58501-2121",2023-12-18 00:55:11.940338
279897,Xclusive Apparel,"Xclusive Apparel,Fictitious Partnership Name",SHOES 'N' SUCH LLP,Fictitious Partnership Name,06/08/2019,0002797909,Active,Good Standing,False,False,False,False,False,,,,,Expires - 5 years,06/08/2019,,"PO BOX 2439 WATFORD CITY, ND 58854-2439",,,,,2023-12-18 00:55:12.508719
288834,"XCL RoyaltyCo, LLC","XCL RoyaltyCo, LLC,Limited Liability Company - Business - Foreign",,Limited Liability Company - Business - Foreign,11/20/2019,0002981591,Active,Good Standing,False,False,False,False,False,Good,Good,Good,DELAWARE,Perpetual,11/20/2019,,"600 N. SHEPHERD STE 390 HOUSTON, TX 77007","600 N SHEPHERD DR STE 390 HOUSTON, TX 77007-4580",11/15/2024,,"C T CORPORATION SYSTEM 120 W SWEET AVE BISMARCK, ND  58504",2023-12-18 00:55:12.913168
302160,"XCL Marketing, LLC","XCL Marketing, LLC,Limited Liability Company - Business - Foreign",,Limited Liability Company - Business - Foreign,09/18/2020,0005247897,Active,Good Standing,False,False,False,False,False,Good,Good,Good,DELAWARE,Perpetual,09/18/2020,,"600 N. SHEPHERD SUITE 390 LAUREN BROWN HOUSTON, TX 77007","600 N SHEPHERD DR STE 390 LAUREN BROWN HOUSTON, TX 77007-4580",11/15/2024,,"C T CORPORATION SYSTEM 120 W SWEET AVE BISMARCK, ND  58504",2023-12-18 00:55:13.253649
279055,"XCL AssetCo, LLC","XCL AssetCo, LLC,Limited Liability Company - Business - Foreign",,Limited Liability Company - Business - Foreign,05/02/2019,0002784591,Active,Good Standing,False,False,False,False,False,Good,Good,Good,DELAWARE,Perpetual,05/02/2019,,"600 N. SHEPHERD STE 390 HOUSTON, TX 77007","600 N SHEPHERD DR STE 390 HOUSTON, TX 77007-4580",11/15/2024,,"C T CORPORATION SYSTEM 120 W SWEET AVE BISMARCK, ND  58504",2023-12-18 00:55:13.686974
344030,XCS Pros,"XCS Pros,Trade Name","XCS Pros, LLC",Trade Name,09/16/2022,0006028885,Active,Good Standing,False,False,False,False,False,,,,,Expires - 5 years,09/16/2022,,"2407 32ND ST. S MICHAEL BROOKS FARGO, ND 58103","PO BOX 10326 MICHAEL BROOKS FARGO, ND 58106-0326",,,,2023-12-18 00:55:14.241228
339752,XCHANGE TELECOM LLC,"XCHANGE TELECOM LLC,Limited Liability Company - Business - Foreign",,Limited Liability Company - Business - Foreign,07/01/2022,0005927138,Active,Good Standing,False,False,False,False,False,Good,Good,Good,DELAWARE,Perpetual,07/01/2022,,"3611 14TH AVE., SUITE 550 BROOKLYN, NY 11218","3611 14TH AVE STE 550 BROOKLYN, NY 11218-3773",11/15/2024,,"INCORP SERVICES, INC. 4501 COLEMAN ST STE 102 BISMARCK, ND  58503",2023-12-18 00:55:14.503130
180654,XCELL DRIVING SCHOOL LLP,"XCELL DRIVING SCHOOL LLP,Limited Liability Partnership - Domestic",,Limited Liability Partnership - Domestic,08/27/2003,0000181034,Active,Good Standing,False,False,False,False,False,Good,Good,Good,NORTH DAKOTA,Perpetual,08/27/2003,,"63 PRAIRIEWOOD DR. S. DAVID KLINKHAMMER FARGO, ND 58103","63 PRAIRIEWOOD DR S David Klinkhammer FARGO, ND 58103-4651",04/01/2024,"DAVID J KLINKHAMMER 3315 44TH AVE SW FARGO, ND  58104-6643",,2023-12-18 00:55:14.976359
358513,Xcelerate Indoor Adventures,"Xcelerate Indoor Adventures,Trade Name",Xcelerate Indoor Adventures LLC,Trade Name,05/04/2023,0006271482,Active,Good Standing,False,False,False,False,False,,,,,Expires - 5 years,05/04/2023,,"357 15TH AVE S FARGO, ND 58103","357 15TH AVE S FARGO, ND 58103-4308",,,,2023-12-18 00:55:15.468488
274036,Xe USA,"Xe USA,Trade Name","CONTINENTAL EXCHANGE SOLUTIONS, INC.",Trade Name,01/24/2019,0002695525,Active,Good Standing,False,False,False,False,False,,,,,Expires - 5 years,01/24/2019,,"7001 VILLAGE DR STE 200 BUENA PARK, CA 90621","7000 VILLAGE DR STE 200 BUENA PARK, CA 90621",,,,2023-12-18 00:55:15.880896
111653,XCEL TRUCKING LLC,"XCEL TRUCKING LLC,Limited Liability Company - Business - Domestic",,Limited Liability Company - Business - Domestic,11/09/2011,0000112023,Active,Good Standing,False,False,False,False,False,Good,Good,Good,NORTH DAKOTA,Perpetual,11/09/2011,,"717 15TH AVE WEST WILLISTON, ND 58802","PO BOX 4447 WILLISTON, ND 58802-4447",11/15/2024,"Kenneth  Miller 717 15TH AVE WEST WILLISTON, ND  58801",,2023-12-18 00:55:16.253104
108164,"XCHANGE BENEFITS, LLC","XCHANGE BENEFITS, LLC,Limited Liability Company - Business - Foreign",,Limited Liability Company - Business - Foreign,07/18/2011,0000108533,Active,Good Standing,False,False,False,False,False,Good,Good,Good,DELAWARE,Perpetual,07/18/2011,,"200 BUSINESS PARK DR STE 303 ARMONK, NY 10504-1751","200 BUSINESS PARK DR STE 303 ARMONK, NY 10504-1754",11/15/2024,,"3H AGENT SERVICES, INC. 1213 NP AVE N STE 301 FARGO, ND  58102",2023-12-18 00:55:16.597931
338193,XCMG America Financial LLC,"XCMG America Financial LLC,Limited Liability Company - Business - Foreign",,Limited Liability Company - Business - Foreign,06/23/2022,0005922092,Active,Good Standing,False,False,False,False,False,Good,Good,Good,DELAWARE,Perpetual,06/23/2022,,"650 N SAM HOUSTON PARKWAY E SUITE 405 HOUSTON, TX 77060","650 N SAM HOUSTON PARKWAY E SUITE 405 HOUSTON, TX 77060",11/15/2024,"VCORP SERVICES, LLC 120 W SWEET AVE BISMARCK, ND  58504-5566",,2023-12-18 00:55:16.780417
354792,"XConnect Texas, LLC","XConnect Texas, LLC,Limited Liability Company - Business - Foreign",,Limited Liability Company - Business - Foreign,03/21/2023,0006215915,Active,Good Standing,False,False,False,False,False,Good,Good,Good,NEVADA,Perpetual,03/21/2023,,"2000 S OCEAN DRIVE UNIT 22B JEFF THOMAS HALLANDALE, FL 33009","PO BOX 393 LYANA JOHNSON FARMINGTON, NM 87499-0393",11/15/2024,,"INCORP SERVICES, INC. 4501 COLEMAN ST STE 102 BISMARCK, ND  58503",2023-12-18 00:55:17.228958
330716,Xcel Holdings,"Xcel Holdings,Trade Name",Tanner Collette,Trade Name,02/28/2022,0005807728,Active,Good Standing,False,False,False,False,False,,,,,Expires - 5 years,02/28/2022,,"4854 132ND DR. NW WILLISTON, ND 58801","4854 132ND DR NW WILLISTON, ND 58801-9245",,,,2023-12-18 00:55:17.496017
358512,Xcelerate Indoor Adventures LLC,"Xcelerate Indoor Adventures LLC,Limited Liability Company - Business - Domestic",,Limited Liability Company - Business - Domestic,05/04/2023,0006271478,Active,Good Standing,False,False,False,False,False,Good,Good,Good,NORTH DAKOTA,Perpetual,05/04/2023,,"357 15TH AVE S FARGO, ND 58103","357 15TH AVE S FARGO, ND 58103-4308",11/15/2024,"ANNIE  CREECH 357 15TH AVE S FARGO, ND  58103",,2023-12-18 00:55:17.825315
333311,Xcel Holdings LLC,"Xcel Holdings LLC,Limited Liability Company - Business - Domestic",,Limited Liability Company - Business - Domestic,04/05/2022,0005852383,Active,Not Good Standing,False,False,True,True,False,Not Good,Good,Good,NORTH DAKOTA,Perpetual,04/05/2022,,"4854 132ND DR. NW WILLISTON, ND 58801","4854 132ND DR NW WILLISTON, ND 58801-9245",11/15/2023,"TANNER  COLLETTE 4854 132ND DR NW WILLISTON, ND  58801",,2023-12-18 00:55:18.108632
278418,"XCL Resources, LLC","XCL Resources, LLC,Limited Liability Company - Business - Foreign",,Limited Liability Company - Business - Foreign,04/18/2019,0002772084,Active,Not Good Standing,False,False,True,True,False,Not Good,Good,Good,TEXAS,Perpetual,04/18/2019,,"600 N. SHEPHERD STE 390 HOUSTON, TX 77007","600 N SHEPHERD DR STE 390 HOUSTON, TX 77007-4580",11/15/2023,,"C T CORPORATION SYSTEM 120 W SWEET AVE BISMARCK, ND  58504",2023-12-18 00:55:18.366500
64528,XCEL ENERGY SERVICES INC.,"XCEL ENERGY SERVICES INC.,Corporation - Business - Foreign",,Corporation - Business - Foreign,04/18/2001,0000064741,Active,Good Standing,False,False,False,False,False,Good,Good,Good,DELAWARE,Perpetual,04/18/2001,,"414 NICOLLET MALL MINNEAPOLIS, MN 55401-1927","414 NICOLLET MALL MINNEAPOLIS, MN 55401-1927",05/15/2024,,"CORPORATION SERVICE COMPANY 418 N 2ND ST BISMARCK, ND  58501",2023-12-18 00:55:19.146781
367138,Xcel Detailing,"Xcel Detailing,Trade Name",Diamonte Stugelmeyer,Trade Name,10/04/2023,0006431195,Active,Good Standing,False,False,False,False,False,,,,,Expires - 5 years,10/04/2023,,"8201 RUNNEL RD BISMARCK, ND 58503","8201 RUNNEL RD BISMARCK, ND 58503",,,,2023-12-18 00:55:19.392372
305451,"XCLOUD, LLC","XCLOUD, LLC,Limited Liability Company - Business - Foreign",,Limited Liability Company - Business - Foreign,11/20/2020,0005338314,Active,Good Standing,False,False,False,False,False,Good,Good,Good,DELAWARE,Perpetual,11/20/2020,,"14 HAMPSHIRE DRIVE HUDSON, NH 03051","14 HAMPSHIRE DR HUDSON, NH 03051-4921",11/15/2024,,"REGISTERED AGENT SOLUTIONS, INC. 1709 N 19TH ST STE 3 BISMARCK, ND  58501-2121",2023-12-18 00:55:19.767161
236957,XCEL ENERGY,"XCEL ENERGY,Trade Name",NORTHERN STATES POWER COMPANY,Trade Name,01/30/2009,0000237337,Active,Good Standing,False,False,False,False,False,,,,,Expires - 5 years,01/30/2009,,"414 NICOLLET MALL CORPORATE SECRETARY MINNEAPOLIS, MN 55401-1927","414 NICOLLET MALL Corporate Secretary MINNEAPOLIS, MN 55401-1927",,,,2023-12-18 00:55:20.282008
324145,Xcel Aviation,"Xcel Aviation,Trade Name",Tanner S Collette,Trade Name,10/26/2021,0005675460,Active,Good Standing,False,False,False,False,False,,,,,Expires - 5 years,10/26/2021,,"4854 132ND DR. NW WILLISTON, ND 58801","4854 132ND DR NW WILLISTON, ND 58801-9245",,,,2023-12-18 00:55:20.710111
333316,Xcel Aviation LLC,"Xcel Aviation LLC,Limited Liability Company - Business - Domestic",,Limited Liability Company - Business - Domestic,04/05/2022,0005852398,Active,Not Good Standing,False,False,True,True,False,Not Good,Good,Good,NORTH DAKOTA,Perpetual,04/05/2022,,"4854 132ND DR. NW WILLISTON, ND 58801","4854 132ND DR NW WILLISTON, ND 58801-9245",11/15/2023,"TANNER  COLLETTE 4854 132ND DR NW WILLISTON, ND  58801",,2023-12-18 00:55:21.175288
352995,"X4I LIMITED (dba X4I LIMITED, LLC)","X4I LIMITED (dba X4I LIMITED, LLC),Limited Liability Company - Business - Foreign",,Limited Liability Company - Business - Foreign,02/08/2023,0006190492,Active,Good Standing,False,False,False,False,False,Good,Good,Good,United Kingdom,Perpetual,02/08/2023,,GROUND FLOOR 107 POWER RD CHISWICK LONDON W4 5PY United Kingdom,GROUND FLOOR 107 POWER RD CHISWICK LONDON W4 5PY United Kingdom,11/15/2024,,"CORPORATION SERVICE COMPANY 418 N 2ND ST BISMARCK, ND  58501",2023-12-18 00:55:21.661740
343679,x2VA LLC,"x2VA LLC,Limited Liability Company - Business - Domestic",,Limited Liability Company - Business - Domestic,09/09/2022,0006023395,Active,Good Standing,False,False,False,False,False,Good,Good,Good,NORTH DAKOTA,Perpetual,09/09/2022,,"1620 E MAIN ST 2 VALLEY CITY, ND 58072","1620 E MAIN ST 2 VALLEY CITY, ND 58072",11/15/2024,"DAKOTA W REGISTERED AGENT LLC 3003 32ND AVE S STE 240 FARGO, ND  58103",,2023-12-18 00:55:21.979730
363051,"X4 Pharmaceuticals, Inc.","X4 Pharmaceuticals, Inc.,Corporation - Business - Foreign",,Corporation - Business - Foreign,07/25/2023,0006339864,Active,Good Standing,False,False,False,False,False,Good,Good,Good,DELAWARE,Perpetual,07/25/2023,,"61 NORTH BEACON STREET 4TH FLOOR BOSTON, MA 02134","61 NORTH BEACON ST FL 4 BOSTON, MA 02134-1912",05/15/2024,,"UNITED AGENT GROUP INC. 1709 N 19TH ST #3 BISMARCK, ND  58501-2121",2023-12-18 00:55:22.252145
171445,XCEL NDT LLC,"XCEL NDT LLC,Limited Liability Company - Business - Foreign",,Limited Liability Company - Business - Foreign,09/04/2018,0000171823,Active,Not Good Standing,False,False,True,True,False,Not Good,Good,Good,KANSAS,Perpetual,09/04/2018,,"2755 STATE HWY 322 COLE MOREHEAD LONGVIEW, TX 75603","PO BOX 8024 COLE MOREHEAD LONGVIEW, TX 75607-8024",11/15/2023,,"SEARCH COMPANY OF NORTH DAKOTA LLC 1709 N 19TH ST STE 3 BISMARCK, ND  58501-2121",2023-12-18 00:55:22.637132
358352,"XaBeat, LLC","XaBeat, LLC,Limited Liability Company - Business - Domestic",,Limited Liability Company - Business - Domestic,05/04/2023,0006269430,Active,Good Standing,False,False,False,False,False,Good,Good,Good,NORTH DAKOTA,Perpetual,05/04/2023,,"6719 21ST STREET SOUTH FARGO, ND 58104","6719 21ST ST S FARGO, ND 58104-6858",11/15/2024,"ROXANNE  WANZEK 6719 21ST ST S FARGO, ND  58104",,2023-12-18 00:55:22.801678
364524,XABOW EXPRESS LOGISTICS INC.,"XABOW EXPRESS LOGISTICS INC.,Corporation - Business - Domestic",,Corporation - Business - Domestic,08/17/2023,0006355495,Active,Good Standing,False,False,False,False,False,Good,Good,Good,NORTH DAKOTA,Perpetual,08/17/2023,,"2201 11TH AVE S APT 303 FARGO, ND 58103","2201 11TH AVE S APT 303 FARGO, ND 58103",08/01/2024,"ABDIKARIM A JAMA 2201 11TH AVE S APT 303 FARGO, ND  58103",,2023-12-18 00:55:23.149051
278153,Xcel Automation & Electric LLC,"Xcel Automation & Electric LLC,Limited Liability Company - Business - Domestic",,Limited Liability Company - Business - Domestic,04/16/2019,0002767465,Active,Not Good Standing,False,False,True,True,False,Not Good,Good,Good,NORTH DAKOTA,Perpetual,04/16/2019,,"4854 132ND DR. NW TANNER COLLETTE WILLISTON, ND 58801","4854 132ND DR NW TANNER COLLETTE WILLISTON, ND 58801-9245",11/15/2023,"TANNER  COLLETTE 4854 132ND DR NW WILLISTON, ND  58801",,2023-12-18 00:55:23.382584
157286,"X S BROKERS INSURANCE AGENCY, INC.","X S BROKERS INSURANCE AGENCY, INC.,Corporation - Business - Foreign",,Corporation - Business - Foreign,11/02/2016,0000157662,Active,Good Standing,False,False,False,False,False,Good,Good,Good,MASSACHUSETTS,Perpetual,11/02/2016,,"13 TEMPLE ST QUINCY, MA 02169-5110","13 TEMPLE ST QUINCY, MA 02169-5110",05/15/2024,,"REGISTERED AGENT SOLUTIONS, INC. 1709 N 19TH ST STE 3 BISMARCK, ND  58501-2121",2023-12-18 00:55:23.717765
329549,X Realty LLC,"X Realty LLC,Limited Liability Company - Business - Domestic",,Limited Liability Company - Business - Domestic,02/02/2022,0005781604,Active,Good Standing,False,False,False,False,False,Good,Good,Good,NORTH DAKOTA,Perpetual,02/02/2022,,"3749 14TH ST W WEST FARGO, ND 58078","3749 14TH ST W WEST FARGO, ND 58078-8410",11/15/2024,"ERIC  CHRISTIANS 3749 14TH ST W WEST FARGO, ND  58078",,2023-12-18 00:55:24.071357
62403,"XETA TECHNOLOGIES, INC.","XETA TECHNOLOGIES, INC.,Corporation - Business - Foreign",,Corporation - Business - Foreign,04/06/2000,0000062616,Active,Good Standing,False,False,False,False,False,Good,Good,Good,OKLAHOMA,Perpetual,04/06/2000,,"4001 N. RODNEY PARHAM LITTLE ROCK, AR 72212-2459","4001 N RODNEY PARHAM RD LITTLE ROCK, AR 72212-2459",05/15/2024,,"REGISTERED AGENT SOLUTIONS, INC. 1709 N 19TH ST STE 3 BISMARCK, ND  58501-2121",2023-12-18 00:55:24.482328
357555,X Payments LLC,"X Payments LLC,Limited Liability Company - Business - Foreign",,Limited Liability Company - Business - Foreign,04/24/2023,0006261917,Active,Good Standing,False,False,False,False,False,Good,Good,Good,DELAWARE,Perpetual,04/24/2023,,"1355 MARKET STREET STE. 900 SAN FRANCISCO, CA 94103","1355 MARKET ST STE 900 SAN FRANCISCO, CA 94103-1337",11/15/2024,,"C T CORPORATION SYSTEM 120 W SWEET AVE BISMARCK, ND  58504",2023-12-18 00:55:24.828416
322123,X Golf Minot,"X Golf Minot,Trade Name","Elite Golf, LLC",Trade Name,09/23/2021,0005643099,Active,Good Standing,False,False,False,False,False,,,,,Expires - 5 years,09/23/2021,,"201 UNIVERSITY AVE W STE 1 MINOT, ND 58703","201 UNIVERSITY AVE W STE 1 MINOT, ND 58703-2349",,,,2023-12-18 00:55:25.506580
352364,X FOODS,"X FOODS,Trade Name",Oech Foods LLC,Trade Name,02/02/2023,0006173383,Active,Good Standing,False,False,False,False,False,,,,,Expires - 5 years,02/02/2023,,"181 N CENTRAL AVE BEACH, ND 58621","PO BOX 127 BEACH, ND 58621-0127",,,,2023-12-18 00:55:25.915355
319429,"X Diamond Partners, LLP","X Diamond Partners, LLP,Limited Liability Partnership - Domestic",,Limited Liability Partnership - Domestic,07/30/2021,0005577759,Active,Good Standing,False,False,False,False,False,Good,Good,Good,NORTH DAKOTA,Perpetual,07/30/2021,,"2341 BAYVIEW CT SE MANDAN, ND 58554","2341 BAYVIEW CT SE MANDAN, ND 58554-6451",04/01/2024,"KENDALL  VETTER 2341 BAYVIEW COURT SE MANDAN, ND  58554",,2023-12-18 00:55:26.217223
352753,"X4I LIMITED, LLC","X4I LIMITED, LLC,Trade Name",X4I LIMITED,Trade Name,02/08/2023,0006187455,Active,Good Standing,False,False,False,False,False,,,,,Expires - 5 years,02/08/2023,,GROUND FLOOR  107 POWER ROAD CHISWICK LONDON W4 5PY United Kingdom,GROUND FLOOR  107 POWER ROAD CHISWICK LONDON W4 5PY United Kingdom,,,,2023-12-18 00:55:26.728284
304760,X REPUBLIC SALON LLC,"X REPUBLIC SALON LLC,Limited Liability Company - Business - Domestic",,Limited Liability Company - Business - Domestic,11/10/2020,0005326132,Active,Not Good Standing,False,False,True,True,False,Not Good,Good,Good,NORTH DAKOTA,Perpetual,11/10/2020,,"WATFORD CENTER 1005 MAIN ST S SUITE 103 WATFORD CITY, ND 58854","1005 S MAIN ST STE 103 WATFORD CITY, ND 58854-6731",11/15/2023,"PEDRO  CAVASAS 2396 125TH AVE NW WATFORD CITY, ND  58854",,2023-12-18 00:55:26.890249
83,XCEL ENERGY INC.,"XCEL ENERGY INC.,Corporation - Business - Foreign",,Corporation - Business - Foreign,08/18/1910,0000000120,Active,Good Standing,False,False,False,False,False,Good,Good,Good,MINNESOTA,Perpetual,08/18/1910,,"414 NICOLLET MALL MINNEAPOLIS, MN 55401-1927","414 NICOLLET MALL MINNEAPOLIS, MN 55401-1927",05/15/2024,,"CORPORATION SERVICE COMPANY 418 N 2ND ST BISMARCK, ND  58501",2023-12-18 00:55:27.353290
356798,X Corp.,"X Corp.,Corporation - Business - Foreign",,Corporation - Business - Foreign,04/06/2023,0006253561,Active,Good Standing,False,False,False,False,False,Good,Good,Good,NEVADA,Perpetual,04/06/2023,,"1355 MARKET STREET STE 900 SAN FRANCISCO, CA 94103","1355 MARKET ST STE 900 SAN FRANCISCO, CA 94103-1337",05/15/2024,,"C T CORPORATION SYSTEM 120 W SWEET AVE BISMARCK, ND  58504",2023-12-18 00:55:27.499751
244002,X ELECTRIC,"X ELECTRIC,Trade Name","XTREME ELECTRICAL SERVICES, INC.",Trade Name,05/19/2011,0000244382,Active,Good Standing,False,False,False,False,False,,,,,Expires - 5 years,05/19/2011,,"311 RAILROAD ST W NORWOOD, MN 55368-9774","311 RAILROAD ST W NORWOOD, MN 55368-9774",,,,2023-12-18 00:55:27.960876
1940,"XCEL ERECTORS, INC.","XCEL ERECTORS, INC.,Corporation - Business - Foreign",,Corporation - Business - Foreign,11/14/1985,0000002063,Active,Good Standing,False,False,False,False,False,Good,Good,Good,DELAWARE,Perpetual,11/14/1985,,"7401 W 129TH ST OVERLAND PARK, KS 66213-2694","6325 ARDREY KELL RD STE 400 ATTN: LEGAL DEPT. CHARLOTTE, NC 28277-4967",05/15/2024,,"C T CORPORATION SYSTEM 120 W SWEET AVE BISMARCK, ND  58504",2023-12-18 00:55:28.516489
360667,"Xeratex Group, LLC","Xeratex Group, LLC,Limited Liability Company - Business - Foreign",,Limited Liability Company - Business - Foreign,06/09/2023,0006311361,Active,Good Standing,False,False,False,False,False,Good,Good,Good,DELAWARE,Perpetual,06/09/2023,,"4105 S. CARNEGIE PLACE, SUITE 102 SIOUX FALLS, SD 57106","4105 S CARNEGIE PL STE 102 SIOUX FALLS, SD 57106-2360",11/15/2024,,"REGISTERED AGENT SOLUTIONS, INC. 1709 N 19TH ST STE 3 BISMARCK, ND  58501-2121",2023-12-18 00:55:29.098789
336584,X Golf Bismarck,"X Golf Bismarck,Trade Name","Elite Golf 2, LLC",Trade Name,06/01/2022,0005891299,Active,Good Standing,False,False,False,False,False,,,,,Expires - 5 years,06/01/2022,,"201 UNIVERSITY AVE W STE 1 MINOT, ND 58703","201 UNIVERSITY AVE W STE 1 MINOT, ND 58703-2349",,,,2023-12-18 00:55:29.815337
